seq,name,link,image,price,star,review,store,site,label
0,★페이백 이벤트+판매량 BEST상품 11월 한달 최저가★삼익가구 우노 초대형 키큰 옷장/전신거울 옷장/서랍형 옷장,https://mall.hanssem.com/goods/goodsDetailMall.do?gdsNo=818808&searchdetail=gds_view&searchPagelist=1&searchKey=%EA%B0%80%EA%B5%AC,https://image.hanssem.com/hsimg/gds/220/818/818808_A1.jpg?v=20221109102858,"76,630",4.3,182,삼익가구,한샘,모던시크
1,★한샘몰단독최저가★삼익가구 우노 키큰 옷장 800(행거형B타입),https://mall.hanssem.com/goods/goodsDetailMall.do?gdsNo=817879&searchdetail=gds_view&searchPagelist=4&searchKey=%EA%B0%80%EA%B5%AC,https://image.hanssem.com/hsimg/gds/220/817/817879_A1.jpg?v=20221006170503,"129,000",0,0,삼익가구,한샘,모던시크
2,★11월 한정 단독쿠폰 이벤트★ 동서가구 홈데코 멀티수납 Q 벙커침대 (14종 택1),https://mall.hanssem.com/goods/goodsDetailMall.do?gdsNo=584706&searchdetail=gds_view&searchPagelist=3&searchKey=%EA%B0%80%EA%B5%AC,https://image.hanssem.com/hsimg/gds/220/584/584706_A1.jpg?v=20221101143119,"638,100",4.3,15,동서가구,한샘,레트로
3,★한샘몰단독최저가★[삼익가구]코넬 LED조명 화장대 세트(스툴포함),https://mall.hanssem.com/goods/goodsDetailMall.do?gdsNo=629335&searchdetail=gds_view&searchPagelist=3&searchKey=%EA%B0%80%EA%B5%AC,https://image.hanssem.com/hsimg/gds/220/629/629335_A1.jpg?v=20221006170503,"219,000",3.6,12,삼익가구,한샘,북유럽
4,노프레임 아치형 전신거울 2size,https://ohou.se/productions/428333/selling?affect_type=ProductCategoryIndex&affect_id=,https://image.ohou.se/i/bucketplace-v2-development/uploads/productions/165387313812045424.JPG?gif=1&w=360&h=360&c=c&q=0.8&webp=1,67320,4.7,2921,어썸프레임,오늘의 집,모던시크
5,★2021NEW★[삼익가구]카모메 1200 높은 주방수납장 거실수납장,https://mall.hanssem.com/goods/goodsDetailMall.do?gdsNo=845704&searchdetail=gds_view&searchPagelist=4&searchKey=%EA%B0%80%EA%B5%AC,https://image.hanssem.com/hsimg/gds/220/845/845704_A1.jpg?v=20210825110334,"129,000",4.3,3,삼익가구,한샘,모던시크
6,★단독특가★[삼익가구]유니언 저상형 와이드 퀸/킹 가죽 침대,https://mall.hanssem.com/goods/goodsDetailMall.do?gdsNo=616832&searchdetail=gds_view&searchPagelist=3&searchKey=%EA%B0%80%EA%B5%AC,https://image.hanssem.com/hsimg/gds/220/616/616832_A1.jpg?v=20221006170503,"379,000",4.8,6,삼익가구,한샘,모던시크
7,라운드 접이식 테이블 3colors/3size,https://ohou.se/productions/181457/selling?affect_type=ProductCategoryIndex&affect_id=,https://image.ohou.se/i/bucketplace-v2-development/uploads/productions/165155472092703336.jpg?gif=1&w=360&h=360&c=c&q=0.8&webp=1,16900,4.7,10586,메종드꼼마,오늘의 집,북유럽
8,[단독특가] 루이스 3단 빅서랍 무헤드 수납침대 SS/Q,https://ohou.se/productions/335639/selling?affect_type=ProductCategoryIndex&affect_id=,https://image.ohou.se/i/bucketplace-v2-development/uploads/productions/166746256085128526.jpg?gif=1&w=360&h=360&c=c&q=0.8&webp=1,94900,4.4,3946,리샘,오늘의 집,레트로
9,가구느낌 밀리바체어 아일랜드식탁의자 홈바,https://mall.hanssem.com/goods/goodsDetailMall.do?gdsNo=525878&searchdetail=gds_view&searchPagelist=3&searchKey=%EA%B0%80%EA%B5%AC,https://image.hanssem.com/hsimg/gds/220/525/525878_A1.jpg?v=20220801091337,"44,900",4.8,7,가구느낌,한샘,북유럽
10,룩셈 LED 3단 서랍 수납침대 프레임 SS/Q (매트리스 선택),https://ohou.se/productions/365664/selling?affect_type=ProductCategoryIndex&affect_id=,https://image.ohou.se/i/bucketplace-v2-development/uploads/productions/166253859640423435.jpg?gif=1&w=360&h=360&c=c&q=0.8&webp=1,179000,4.6,953,포스트모던,오늘의 집,북유럽
11,(삼익BEST)삼익가구 스칸센 원목 식탁세트,https://mall.hanssem.com/goods/goodsDetailMall.do?gdsNo=789216&searchdetail=gds_view&searchPagelist=3&searchKey=%EA%B0%80%EA%B5%AC,https://image.hanssem.com/hsimg/gds/220/789/789216_A1.jpg?v=20220721165445,"149,000",5,4,삼익가구,한샘,레트로
12,★한샘몰 특가★삼익가구 모더니크 시스템 옷장 드레스룸 풀세트,https://mall.hanssem.com/goods/goodsDetailMall.do?gdsNo=866631&searchdetail=gds_view&searchPagelist=1&searchKey=%EA%B0%80%EA%B5%AC,https://image.hanssem.com/hsimg/gds/220/866/866631_A1.jpg?v=20220531143832,"77,500",4.5,47,삼익가구,한샘,북유럽
13,삼익가구 NEW라움 드레스룸 1600/2400/2800/3200/3600 풀세트,https://mall.hanssem.com/goods/goodsDetailMall.do?gdsNo=782474&searchdetail=gds_view&searchPagelist=4&searchKey=%EA%B0%80%EA%B5%AC,https://image.hanssem.com/hsimg/gds/220/782/782474_A1.jpg?v=20221006170503,"145,900",4.5,2,삼익가구,한샘,모던시크
14,삼익가구 도즈 순면 12cm 토퍼 매트리스 풀세트(방수속커버/보관끈 포함),https://mall.hanssem.com/goods/goodsDetailMall.do?gdsNo=920033&searchdetail=gds_view&searchPagelist=4&searchKey=%EA%B0%80%EA%B5%AC,https://image.hanssem.com/hsimg/gds/220/920/920033_A1.jpg?v=20221006170503,"89,000",5,1,삼익가구,한샘,북유럽
15,[단독] 하모니 LED조명 서랍형 수납침대 (매트리스 포함),https://ohou.se/productions/362306/selling?affect_type=ProductCategoryIndex&affect_id=,https://image.ohou.se/i/bucketplace-v2-development/uploads/productions/158950751390006134.jpg?gif=1&w=360&h=360&c=c&q=0.8&webp=1,220000,4.6,1973,하포스침대,오늘의 집,모던시크
16,[오늘의딜] 모니 패브릭 1인 각도조절 좌식소파,https://ohou.se/productions/974645/selling?affect_type=ProductCategoryIndex&affect_id=,https://image.ohou.se/i/bucketplace-v2-development/uploads/productions/165338330850879368.jpg?gif=1&w=360&h=360&c=c&q=0.8&webp=1,38900,4.7,1625,상도가구,오늘의 집,북유럽
17,짝꿍딜 : 레이디가구 - 패밀리침대/패브릭소파/데이베드/붙박이장,https://mall.hanssem.com/goods/goodsDetailMall.do?gdsNo=814351&searchdetail=gds_view&searchPagelist=1&searchKey=%EA%B0%80%EA%B5%AC,https://image.hanssem.com/hsimg/gds/220/814/814351_A1.jpg?v=20221006170503,"61,920~",5,1048,삼익가구,한샘,모던시크
18,[7%쿠폰] 조립식 팬트리 철제 수납 선반 앵글,https://ohou.se/productions/519975/selling?affect_type=ProductCategoryIndex&affect_id=,https://image.ohou.se/i/bucketplace-v2-development/uploads/productions/164316031097877307.JPG?gif=1&w=360&h=360&c=c&q=0.8&webp=1,36900,4.6,1254,홈던트하우스,오늘의 집,북유럽
19,캐더린 LED 통서랍 수납침대 매트선택 (SS/Q),https://ohou.se/productions/310649/selling?affect_type=ProductCategoryIndex&affect_id=,https://image.ohou.se/i/bucketplace-v2-development/uploads/productions/164983313097027540.jpg?gif=1&w=360&h=360&c=c&q=0.8&webp=1,199900,4.6,6794,리샘,오늘의 집,북유럽
20,★드레스룸 판매 1위★ 동서가구 뉴스틸 멀바우/그레이 시스템 드레스룸 2colors,https://mall.hanssem.com/goods/goodsDetailMall.do?gdsNo=506340&searchdetail=gds_view&searchPagelist=1&searchKey=%EA%B0%80%EA%B5%AC,https://image.hanssem.com/hsimg/gds/220/506/506340_A1.jpg?v=20221006170503,"53,160",4.5,551,동서가구,한샘,레트로
21,STB 다용도 수납벤치 수납함 2size 3colors (벤치쿠션추가구매),https://ohou.se/productions/71236/selling?affect_type=ProductCategoryIndex&affect_id=,https://image.ohou.se/i/bucketplace-v2-development/uploads/productions/165810693200901924.jpg?gif=1&w=360&h=360&c=c&q=0.8&webp=1,42900,4.6,3765,아리아퍼니쳐,오늘의 집,모던시크
22,[5%쿠폰] 로지 원형 카페 테이블 800 3colors,https://ohou.se/productions/1241971/selling?affect_type=ProductCategoryIndex&affect_id=,https://image.ohou.se/i/bucketplace-v2-development/uploads/productions/165838354735796647.png?gif=1&w=360&h=360&c=c&q=0.8&webp=1,76900,4.7,9019,오트밀하우스,오늘의 집,러블리
23,레이디가구 어시스 사이드 테이블,https://mall.hanssem.com/goods/goodsDetailMall.do?gdsNo=538174&searchdetail=gds_view&searchPagelist=3&searchKey=%EA%B0%80%EA%B5%AC,https://image.hanssem.com/hsimg/gds/220/538/538174_A1.jpg?v=20211001093215,"39,000",5,5,레이디가구,한샘,레트로
24,삼익가구 애니 프리미엄 옷장/서랍장 시리즈,https://mall.hanssem.com/goods/goodsDetailMall.do?gdsNo=616791&searchdetail=gds_view&searchPagelist=3&searchKey=%EA%B0%80%EA%B5%AC,https://image.hanssem.com/hsimg/gds/220/616/616791_A1.jpg?v=20221006170503,"69,900",3.9,19,삼익가구,한샘,로맨틱
25,삼익가구 플랫 디자인 철제 수납장 선반장,https://mall.hanssem.com/goods/goodsDetailMall.do?gdsNo=865916&searchdetail=gds_view&searchPagelist=4&searchKey=%EA%B0%80%EA%B5%AC,https://image.hanssem.com/hsimg/gds/220/865/865916_A1.jpg?v=20220302103455,"149,000",0,0,삼익가구,한샘,북유럽
26,MULIG 옷걸이 행거,https://ohou.se/productions/153841/selling?affect_type=ProductCategoryIndex&affect_id=,https://image.ohou.se/i/bucketplace-v2-development/uploads/productions/15650448021761_j4rlO.jpg?gif=1&w=360&h=360&c=c&q=0.8&webp=1,17900,4.6,2405,이케아,오늘의 집,모던시크
27,왕자 네오스페이스 (베이직2단),https://ohou.se/productions/306333/selling?affect_type=ProductCategoryIndex&affect_id=,https://image.ohou.se/i/bucketplace-v2-development/uploads/productions/162876191111910209.jpg?gif=1&w=360&h=360&c=c&q=0.8&webp=1,35900,4.6,6081,왕자행거,오늘의 집,북유럽
28,보니애가구 마랑 러버우드 원목 화이트 식탁세트 4인용,https://mall.hanssem.com/goods/goodsDetailMall.do?gdsNo=931807&searchdetail=gds_view&searchPagelist=4&searchKey=%EA%B0%80%EA%B5%AC,https://image.hanssem.com/hsimg/gds/220/931/931807_A1.jpg?v=20220923140827,"165,870",0,0,보니애가구,한샘,북유럽
29,[~11/15쌤딜특가] (UFO) 즐거운가구 호스300하문형 틈새수납장 틈새장 가정 사무용 수납장_c,https://mall.hanssem.com/goods/goodsDetailMall.do?gdsNo=954802&searchdetail=gds_view&searchPagelist=3&searchKey=%EA%B0%80%EA%B5%AC,https://image.hanssem.com/hsimg/gds/220/954/954802_A1.jpg?v=20220721103008,"45,100",2.5,1,UFO,한샘,북유럽
30,[상품평 페이백 이벤트+최저가]★판매 BEST상품 11월 한달 최저가★삼익가구 NEW 래디슨 LED 아트월 수납 호텔 침대,https://mall.hanssem.com/goods/goodsDetailMall.do?gdsNo=857370&searchdetail=gds_view&searchPagelist=1&searchKey=%EA%B0%80%EA%B5%AC,https://image.hanssem.com/hsimg/gds/220/857/857370_A1.jpg?v=20221109102858,"279,940",4.5,113,삼익가구,한샘,모던시크
31,[오늘의딜] 더매직 단단한 포켓스프링 매트리스 S/SS/Q/K/SK,https://ohou.se/productions/858905/selling?affect_type=ProductCategoryIndex&affect_id=,https://image.ohou.se/i/bucketplace-v2-development/uploads/productions/163339551420208507.jpg?gif=1&w=360&h=360&c=c&q=0.8&webp=1,229000,4.8,2979,웰퍼니쳐,오늘의 집,모던시크
32,동서가구 프렌드 800 5단 서랍장 E908490-2,https://mall.hanssem.com/goods/goodsDetailMall.do?gdsNo=820735&searchdetail=gds_view&searchPagelist=4&searchKey=%EA%B0%80%EA%B5%AC,https://image.hanssem.com/hsimg/gds/220/820/820735_A1.jpg?v=20221006170503,"137,600",5,1,동서가구,한샘,북유럽
33,장인가구 코니 1200 TV 서랍 거실장 다리형,https://mall.hanssem.com/goods/goodsDetailMall.do?gdsNo=963756&searchdetail=gds_view&searchPagelist=4&searchKey=%EA%B0%80%EA%B5%AC,https://image.hanssem.com/hsimg/gds/220/963/963756_A1.jpg?v=20221012152201,"124,900",0,0,장인가구,한샘,모던시크
34,[레드위크특가][3%쿠폰증정][한샘몰 최저가+최대5만원페이백][20%쿠폰](방수커버증정)레이디가구 스칸딕 코코 원목 저상형 데이베드 아기침대,https://mall.hanssem.com/goods/goodsDetailMall.do?gdsNo=695152&searchdetail=gds_view&searchPagelist=1&searchKey=%EA%B0%80%EA%B5%AC,https://image.hanssem.com/hsimg/gds/220/695/695152_A1.jpg?v=20221110191430,"309,620",4.7,619,레이디가구,한샘,북유럽
35,[UFO] 예투가구 하이 2000 주방 광파오븐 렌지대,https://mall.hanssem.com/goods/goodsDetailMall.do?gdsNo=797936&searchdetail=gds_view&searchPagelist=4&searchKey=%EA%B0%80%EA%B5%AC,https://image.hanssem.com/hsimg/gds/220/797/797936_A1.jpg?v=20210422111925,"184,800",5,1,UFO,한샘,모던시크
36,삼익가구 브리티 키높은 600 다용도 주방 수납장,https://mall.hanssem.com/goods/goodsDetailMall.do?gdsNo=875888&searchdetail=gds_view&searchPagelist=4&searchKey=%EA%B0%80%EA%B5%AC,https://image.hanssem.com/hsimg/gds/220/875/875888_A1.jpg?v=20210726103916,"187,000",0,0,삼익가구,한샘,북유럽
37,[쿠폰]콰트로 에어 데스크 20size 5colors(800~2000mm),https://ohou.se/productions/170039/selling?affect_type=ProductCategoryIndex&affect_id=,https://image.ohou.se/i/bucketplace-v2-development/uploads/productions/157242782195255523.jpg?gif=1&w=360&h=360&c=c&q=0.8&webp=1,125000,4.7,7028,두닷,오늘의 집,모던시크
38,삼익가구 욜로 원형 원목 수납 스툴 화장대 의자,https://mall.hanssem.com/goods/goodsDetailMall.do?gdsNo=697639&searchdetail=gds_view&searchPagelist=3&searchKey=%EA%B0%80%EA%B5%AC,https://image.hanssem.com/hsimg/gds/220/697/697639_A1.jpg?v=20221025174122,"28,000",4.6,26,삼익가구,한샘,북유럽
39,[5%쿠폰][단독] 루비 2인 패브릭 소파 7colors,https://ohou.se/productions/52579/selling?affect_type=ProductCategoryIndex&affect_id=,https://image.ohou.se/i/bucketplace-v2-development/uploads/productions/166109330222889999.jpg?gif=1&w=360&h=360&c=c&q=0.8&webp=1,110000,4.6,4583,에보니아,오늘의 집,북유럽
40,침대 프레임 원목 깔판 매트리스 받침대 7size,https://ohou.se/productions/125056/selling?affect_type=ProductCategoryIndex&affect_id=,https://image.ohou.se/i/bucketplace-v2-development/uploads/productions/156687402696538490.jpg?gif=1&w=360&h=360&c=c&q=0.8&webp=1,24900,4.6,12367,노르웨이숲,오늘의 집,북유럽
41,몰리 타원형 템바보드 리프트업 테이블 4colors,https://ohou.se/productions/1111914/selling?affect_type=ProductCategoryIndex&affect_id=,https://image.ohou.se/i/bucketplace-v2-development/uploads/productions/159185611543049579.jpg?gif=1&w=360&h=360&c=c&q=0.8&webp=1,219000,4.7,721,어라운드화이트,오늘의 집,북유럽
42,[5%쿠폰]DUGED 사이드테이블 KS1032TB,https://ohou.se/productions/17051/selling?affect_type=ProductCategoryIndex&affect_id=,https://image.ohou.se/i/bucketplace-v2-development/uploads/productions/1533691341483_sgq4UwKb4.jpg?gif=1&w=360&h=360&c=c&q=0.8&webp=1,21000,4.4,2513,마켓비,오늘의 집,모던시크
43,가구느낌 어반골드체어 디자인의자 식탁 카페 벨벳,https://mall.hanssem.com/goods/goodsDetailMall.do?gdsNo=576955&searchdetail=gds_view&searchPagelist=4&searchKey=%EA%B0%80%EA%B5%AC,https://image.hanssem.com/hsimg/gds/220/576/576955_A1.jpg?v=20221101103158,"65,900",4.8,2,가구느낌,한샘,로맨틱
44,웨이브미러 M,https://ohou.se/productions/514408/selling?affect_type=ProductCategoryIndex&affect_id=,https://image.ohou.se/i/bucketplace-v2-development/uploads/productions/161517074824755275.jpeg?gif=1&w=360&h=360&c=c&q=0.8&webp=1,53000,4.8,3326,당신의온실,오늘의 집,북유럽
45,기간한정 국내생산 편안한 데이브 화이트/블랙 메쉬 책상의자 13colors,https://ohou.se/productions/41033/selling?affect_type=ProductCategoryIndex&affect_id=,https://image.ohou.se/i/bucketplace-v2-development/uploads/productions/166510899530991876.jpg?gif=1&w=360&h=360&c=c&q=0.8&webp=1,64000,4.6,5707,핀란디아,오늘의 집,북유럽
46,자이언트 1100 리프트업 테이블/거실테이블,https://ohou.se/productions/419079/selling?affect_type=ProductCategoryIndex&affect_id=,https://image.ohou.se/i/bucketplace-v2-development/uploads/productions/1595395944_101176_1.jpg?gif=1&w=360&h=360&c=c&q=0.8&webp=1,59900,4.6,3149,사사가구,오늘의 집,북유럽
47,삼익가구 샐리 라탄 원목 오픈도어 협탁,https://mall.hanssem.com/goods/goodsDetailMall.do?gdsNo=807822&searchdetail=gds_view&searchPagelist=4&searchKey=%EA%B0%80%EA%B5%AC,https://image.hanssem.com/hsimg/gds/220/807/807822_A1.jpg?v=20221006170503,"176,000",4.8,4,삼익가구,한샘,레트로
48,동서가구 레번 600 주방수납장(소) E917084,https://mall.hanssem.com/goods/goodsDetailMall.do?gdsNo=744563&searchdetail=gds_view&searchPagelist=3&searchKey=%EA%B0%80%EA%B5%AC,https://image.hanssem.com/hsimg/gds/220/744/744563_A1.jpg?v=20200615155304,"68,400",5,1,동서가구,한샘,북유럽
49,베가 폴라 투명 접이식의자 17colors(대량구매 추가할인),https://ohou.se/productions/354736/selling?affect_type=ProductCategoryIndex&affect_id=,https://image.ohou.se/i/bucketplace-v2-development/uploads/productions/164325182439107818.jpg?gif=1&w=360&h=360&c=c&q=0.8&webp=1,26800,4.7,21077,영가구,오늘의 집,북유럽
50,[1만원쿠폰] 베니스 4인용 아쿠아매직텍스 패브릭 소파 3colors,https://ohou.se/productions/446263/selling?affect_type=ProductCategoryIndex&affect_id=,https://image.ohou.se/i/bucketplace-v2-development/uploads/productions/165042956772259176.jpg?gif=1&w=360&h=360&c=c&q=0.8&webp=1,449000,4.7,1111,브리엔츠가구,오늘의 집,북유럽
51,[오늘의딜] 메이저 컴퓨터 데스크 1260,https://ohou.se/productions/868603/selling?affect_type=ProductCategoryIndex&affect_id=,https://image.ohou.se/i/bucketplace-v2-development/uploads/productions/1544073495722_ibH2g7qZ.jpg?gif=1&w=360&h=360&c=c&q=0.8&webp=1,59900,4.6,4281,소프시스,오늘의 집,모던시크
52,아크릴체어 미드센츄리 모던 폴딩체어 인테리어 투명 접이식 의자 8colors,https://ohou.se/productions/1582609/selling?affect_type=ProductCategoryIndex&affect_id=,https://image.ohou.se/i/bucketplace-v2-development/uploads/productions/165752590795711983.jpg?gif=1&w=360&h=360&c=c&q=0.8&webp=1,26900,4.7,273,로얄다이아,오늘의 집,모던시크
53,프리미엄 원터치 기저귀교환대 기저귀갈이대,https://ohou.se/productions/817168/selling?affect_type=ProductCategoryIndex&affect_id=,https://image.ohou.se/i/bucketplace-v2-development/uploads/productions/166779684805677437.jpg?gif=1&w=360&h=360&c=c&q=0.8&webp=1,69900,4.8,1508,소베맘,오늘의 집,북유럽
54,[8%쿠폰] 사이즈 맞춤제작 몬스터랙 조립식 앵글 모듈 수납선반,https://ohou.se/productions/78902/selling?affect_type=ProductCategoryIndex&affect_id=,https://image.ohou.se/i/bucketplace-v2-development/uploads/productions/159831589484761521.jpg?gif=1&w=360&h=360&c=c&q=0.8&webp=1,19900,4.5,4642,상도가구,오늘의 집,모던시크
55,[12%쿠폰](당일출고) C체어 인테리어 식탁의자 4colors,https://ohou.se/productions/1038875/selling?affect_type=ProductCategoryIndex&affect_id=,https://image.ohou.se/i/bucketplace-v2-development/uploads/productions/160438049356214666.jpg?gif=1&w=360&h=360&c=c&q=0.8&webp=1,36500,4.7,3234,먼데이하우스,오늘의 집,북유럽
56,스마트베이스 엘리트 침대 프레임 2colors S/SS/Q,https://ohou.se/productions/74898/selling?affect_type=ProductCategoryIndex&affect_id=,https://image.ohou.se/i/bucketplace-v2-development/uploads/productions/164689113017984479.jpg?gif=1&w=360&h=360&c=c&q=0.8&webp=1,96000,4.7,4059,지누스,오늘의 집,모던시크
57,동서가구 오틴 1200 서랍장 E911402,https://mall.hanssem.com/goods/goodsDetailMall.do?gdsNo=613391&searchdetail=gds_view&searchPagelist=4&searchKey=%EA%B0%80%EA%B5%AC,https://image.hanssem.com/hsimg/gds/220/613/613391_A1.jpg?v=20210331101821,"180,700",0,0,동서가구,한샘,레트로
58,원목 원형 스탠드 옷걸이 4colors (색상선택),https://ohou.se/productions/615593/selling?affect_type=ProductCategoryIndex&affect_id=,https://image.ohou.se/i/bucketplace-v2-development/uploads/productions/166789486985085555.jpg?gif=1&w=360&h=360&c=c&q=0.8&webp=1,25900,4.6,5265,트리스토어,오늘의 집,모던시크
59,[UFO] 즐거운가구 레이첼300거울형 틈새수납장 틈새장 코너장 드레스룸_c,https://mall.hanssem.com/goods/goodsDetailMall.do?gdsNo=472876&searchdetail=gds_view&searchPagelist=4&searchKey=%EA%B0%80%EA%B5%AC,https://image.hanssem.com/hsimg/gds/220/472/472876_A1.jpg?v=20210407110718,"81,310",3.5,4,UFO,한샘,모던시크
60,[쿠폰]밀라노 1500 북선반 5colors,https://ohou.se/productions/65810/selling?affect_type=ProductCategoryIndex&affect_id=,https://image.ohou.se/i/bucketplace-v2-development/uploads/productions/163048393350636217.jpg?gif=1&w=360&h=360&c=c&q=0.8&webp=1,119000,4.6,4923,두닷,오늘의 집,모던시크
61,[삼익가구]퓨어 벨벳 의자,https://mall.hanssem.com/goods/goodsDetailMall.do?gdsNo=889941&searchdetail=gds_view&searchPagelist=2&searchKey=%EA%B0%80%EA%B5%AC,https://image.hanssem.com/hsimg/gds/220/889/889941_A1.jpg?v=20220210091434,"52,000",5,1,삼익가구,한샘,로맨틱
62,동서가구 리아루 LED 평상 침대Q프레임 E915466,https://mall.hanssem.com/goods/goodsDetailMall.do?gdsNo=672038&searchdetail=gds_view&searchPagelist=4&searchKey=%EA%B0%80%EA%B5%AC,https://image.hanssem.com/hsimg/gds/220/672/672038_A1.jpg?v=20221006170503,"315,000",0,0,동서가구,한샘,레트로
63,[국내생산/후기인증] 튼튼한 조립식 시그니처 진열장형 3단 전자렌지대 다용도수납장 주방선반,https://ohou.se/productions/258147/selling?affect_type=ProductCategoryIndex&affect_id=,https://image.ohou.se/i/bucketplace-v2-development/uploads/productions/165478976553242384.jpg?gif=1&w=360&h=360&c=c&q=0.8&webp=1,25800,4.7,7501,가구레시피,오늘의 집,모던시크
64,[5%쿠폰]LEITER 선반 4단 2size,https://ohou.se/productions/307472/selling?affect_type=ProductCategoryIndex&affect_id=,https://image.ohou.se/i/bucketplace-v2-development/uploads/productions/166329700552474066.jpg?gif=1&w=360&h=360&c=c&q=0.8&webp=1,26900,4.5,19743,마켓비,오늘의 집,모던시크
65,[7%쿠폰] 경량랙 무볼트 조립식 철제 수납 앵글선반,https://ohou.se/productions/395600/selling?affect_type=ProductCategoryIndex&affect_id=,https://image.ohou.se/i/bucketplace-v2-development/uploads/productions/1513406427674_KNijhzpOdx.jpg?gif=1&w=360&h=360&c=c&q=0.8&webp=1,22900,4.7,1660,스피드랙,오늘의 집,북유럽
66,삼익가구 사무용의자 학생의자 컴퓨터의자,https://mall.hanssem.com/goods/goodsDetailMall.do?gdsNo=630642&searchdetail=gds_view&searchPagelist=4&searchKey=%EA%B0%80%EA%B5%AC,https://image.hanssem.com/hsimg/gds/220/630/630642_A1.jpg?v=20220829164246,"70,000",4.8,8,삼익가구,한샘,북유럽
67,가구느낌 물방울오발(이동형) 스툴 의자 바퀴 간이,https://mall.hanssem.com/goods/goodsDetailMall.do?gdsNo=525922&searchdetail=gds_view&searchPagelist=3&searchKey=%EA%B0%80%EA%B5%AC,https://image.hanssem.com/hsimg/gds/220/525/525922_A1.jpg?v=20221110111841,"18,000",4.5,5,가구느낌,한샘,레트로
68,장인가구 디네트 시크 세라믹 6인용 식탁세트 의자형,https://mall.hanssem.com/goods/goodsDetailMall.do?gdsNo=964773&searchdetail=gds_view&searchPagelist=4&searchKey=%EA%B0%80%EA%B5%AC,https://image.hanssem.com/hsimg/gds/220/964/964773_A1.jpg?v=20221012154016,"899,000",0,0,장인가구,한샘,레트로
69,[리뉴얼+수도권무료배송]레이디가구 코코 스칸딕 원목 저상형 데이베드 아기침대 SS,https://mall.hanssem.com/goods/goodsDetailMall.do?gdsNo=693499&searchdetail=gds_view&searchPagelist=2&searchKey=%EA%B0%80%EA%B5%AC,https://image.hanssem.com/hsimg/gds/220/693/693499_A1.jpg?v=20221025163724,"341,050",4.6,16,레이디가구,한샘,로맨틱
70,장인가구 보니 600 수납장,https://mall.hanssem.com/goods/goodsDetailMall.do?gdsNo=965105&searchdetail=gds_view&searchPagelist=4&searchKey=%EA%B0%80%EA%B5%AC,https://image.hanssem.com/hsimg/gds/220/965/965105_A1.jpg?v=20221012150527,"139,000",0,0,장인가구,한샘,모던시크
71,[1만원쿠폰] 클레어 LED 2단 수납침대+매트선택 (SS/Q) 3colors,https://ohou.se/productions/231324/selling?affect_type=ProductCategoryIndex&affect_id=,https://image.ohou.se/i/bucketplace-v2-development/uploads/productions/166668491757404762.jpg?gif=1&w=360&h=360&c=c&q=0.8&webp=1,199000,4.6,3556,알파침대,오늘의 집,북유럽
72,삼익가구 포시즌 하이브리드 매트리스 (싱글/슈퍼싱글/퀸/킹) 시리즈,https://mall.hanssem.com/goods/goodsDetailMall.do?gdsNo=699630&searchdetail=gds_view&searchPagelist=2&searchKey=%EA%B0%80%EA%B5%AC,https://image.hanssem.com/hsimg/gds/220/699/699630_A1.jpg?v=20221006170503,"149,000",4.4,6,삼익가구,한샘,모던시크
73,"[한정특가36,900원]모던 스타일 수납 선반 행거 PI-B1 2colors",https://ohou.se/productions/312937/selling?affect_type=ProductCategoryIndex&affect_id=,https://image.ohou.se/i/bucketplace-v2-development/uploads/productions/165847960334616666.jpg?gif=1&w=360&h=360&c=c&q=0.8&webp=1,39900,4.6,2439,아이리스코리아,오늘의 집,모던시크
74,아이비 원목 침대 프레임 (매트리스선택) (슈퍼싱글/퀸),https://ohou.se/productions/114627/selling?affect_type=ProductCategoryIndex&affect_id=,https://image.ohou.se/i/bucketplace-v2-development/uploads/productions/166693709798400117.png?gif=1&w=360&h=360&c=c&q=0.8&webp=1,179900,4.6,3662,올쏘퍼니처,오늘의 집,북유럽
75,★페이백이벤트+추가쿠폰+원목침대 판매BEST최저가★삼익가구 위더스/플로우 원목 슈퍼싱글/퀸 침대,https://mall.hanssem.com/goods/goodsDetailMall.do?gdsNo=800342&searchdetail=gds_view&searchPagelist=1&searchKey=%EA%B0%80%EA%B5%AC,https://image.hanssem.com/hsimg/gds/220/800/800342_A1.jpg?v=20221109102858,"192,060",4.8,243,삼익가구,한샘,북유럽
76,에펠의자 고급형 4colors,https://ohou.se/productions/125457/selling?affect_type=ProductCategoryIndex&affect_id=,https://image.ohou.se/i/bucketplace-v2-development/uploads/productions/162748750075449137.jpeg?gif=1&w=360&h=360&c=c&q=0.8&webp=1,27900,4.7,13582,프리메이드,오늘의 집,북유럽
77,[오늘의딜][11%쿠폰] 옷장1위 빅 풀 슬라이딩 옷장 1200 행거형 4colors,https://ohou.se/productions/345486/selling?affect_type=ProductCategoryIndex&affect_id=,https://image.ohou.se/i/bucketplace-v2-development/uploads/productions/159097629308170716.jpg?gif=1&w=360&h=360&c=c&q=0.8&webp=1,193900,4.5,3346,상일리베가구,오늘의 집,모던시크
78,[12%쿠폰](당일출고) 순수원목 선반장 3colors (가로2단),https://ohou.se/productions/379255/selling?affect_type=ProductCategoryIndex&affect_id=,https://image.ohou.se/i/bucketplace-v2-development/uploads/productions/159430870818252136.jpg?gif=1&w=360&h=360&c=c&q=0.8&webp=1,11900,4.6,43312,먼데이하우스,오늘의 집,북유럽
79,오키 다용도 접이식 사이드 보조테이블 3colors,https://ohou.se/productions/69047/selling?affect_type=ProductCategoryIndex&affect_id=,https://image.ohou.se/i/bucketplace-v2-development/uploads/productions/157233317070597151.jpg?gif=1&w=360&h=360&c=c&q=0.8&webp=1,36900,4.6,6331,바네스데코,오늘의 집,모던시크
80,[3%쿠폰]디디 반타원 테이블 라미네이트 화이트식탁 1000 (2size),https://ohou.se/productions/933994/selling?affect_type=ProductCategoryIndex&affect_id=,https://image.ohou.se/i/bucketplace-v2-development/uploads/productions/164203408527454874.jpg?gif=1&w=360&h=360&c=c&q=0.8&webp=1,114000,4.7,2985,비알프렌드,오늘의 집,모던시크
81,[온라인최저가+상품권페이백][3%쿠폰증정][20%쿠폰]레이디가구 모노 가죽 헤드 LED 수납 호텔 침대 SS/Q,https://mall.hanssem.com/goods/goodsDetailMall.do?gdsNo=919944&searchdetail=gds_view&searchPagelist=2&searchKey=%EA%B0%80%EA%B5%AC,https://image.hanssem.com/hsimg/gds/220/919/919944_A1.jpg?v=20221110181431,"269,270",4.6,5,레이디가구,한샘,로맨틱
82,거치경 전신거울 3size 3colors (300/400/600),https://ohou.se/productions/337570/selling?affect_type=ProductCategoryIndex&affect_id=,https://image.ohou.se/i/bucketplace-v2-development/uploads/productions/165338330850879368.jpg?gif=1&w=360&h=360&c=c&q=0.8&webp=1,21640,4.5,8719,준우드,오늘의 집,북유럽
83,[5%쿠폰] 소나 편백나무 템바보드 호텔침대(매트추가) SS/Q,https://ohou.se/productions/1100358/selling?affect_type=ProductCategoryIndex&affect_id=,https://image.ohou.se/i/bucketplace-v2-development/uploads/productions/164075192935674798.jpg?gif=1&w=360&h=360&c=c&q=0.8&webp=1,299000,4.6,584,오트밀하우스,오늘의 집,북유럽
84,한샘매장가구 유로 503 호텔침대 뉴트럴 화이트 사이드선반,https://mall.hanssem.com/goods/goodsDetailMall.do?gdsNo=782851&searchdetail=gds_view&searchPagelist=4&searchKey=%EA%B0%80%EA%B5%AC,https://image.hanssem.com/hsimg/gds/220/782/782851_A1.jpg?v=20221019143552,"240,000",4.7,11,한샘인테리어,한샘,북유럽
85,웨이브미러 S,https://ohou.se/productions/387905/selling?affect_type=ProductCategoryIndex&affect_id=,https://image.ohou.se/i/bucketplace-v2-development/uploads/productions/166389986960397173.jpg?gif=1&w=360&h=360&c=c&q=0.8&webp=1,26000,4.8,3029,당신의온실,오늘의 집,모던시크
86,[12%쿠폰] MAY 아쿠아텍스 2인소파 2colors,https://ohou.se/productions/799478/selling?affect_type=ProductCategoryIndex&affect_id=,https://image.ohou.se/i/bucketplace-v2-development/uploads/productions/161904669360939540.jpg?gif=1&w=360&h=360&c=c&q=0.8&webp=1,144400,4.6,2560,먼데이하우스,오늘의 집,북유럽
87,(착) 라자가구 RF 파울로 아쿠아텍스 패브릭 3인 소파 (스툴 선택),https://mall.hanssem.com/goods/goodsDetailMall.do?gdsNo=895467&searchdetail=gds_view&searchPagelist=2&searchKey=%EA%B0%80%EA%B5%AC,https://image.hanssem.com/hsimg/gds/220/895/895467_A1.jpg?v=20221101114514,"179,000",4.4,6,라자가구,한샘,북유럽
88,가구느낌 사이드테이블 보조 소파 간이 책상,https://mall.hanssem.com/goods/goodsDetailMall.do?gdsNo=531015&searchdetail=gds_view&searchPagelist=2&searchKey=%EA%B0%80%EA%B5%AC,https://image.hanssem.com/hsimg/gds/220/531/531015_A1.jpg?v=20221111103223,"14,900",4.4,47,가구느낌,한샘,북유럽
89,한샘몰pick티렌토 리세 아쿠아텍스 3인용 패브릭 소파 3colors,https://ohou.se/productions/574524/selling?affect_type=ProductCategoryIndex&affect_id=,https://image.ohou.se/i/bucketplace-v2-development/uploads/productions/165882516717645937.jpg?gif=1&w=360&h=360&c=c&q=0.8&webp=1,291510,4.6,3175,한샘,오늘의 집,모던시크
90,코넬 이지 와이드 데스크 책상 1600 4colors,https://ohou.se/productions/870275/selling?affect_type=ProductCategoryIndex&affect_id=,https://image.ohou.se/i/bucketplace-v2-development/uploads/productions/162313495617782732.jpg?gif=1&w=360&h=360&c=c&q=0.8&webp=1,185000,4.6,3253,데코라인,오늘의 집,모던시크
91,★2022단독특가★ 삼익가구 리나 접이식 소파테이블 시리즈 (중형/대형),https://mall.hanssem.com/goods/goodsDetailMall.do?gdsNo=699633&searchdetail=gds_view&searchPagelist=4&searchKey=%EA%B0%80%EA%B5%AC,https://image.hanssem.com/hsimg/gds/220/699/699633_A1.jpg?v=20220531143832,"67,000",4.3,2,삼익가구,한샘,모던시크
92,[빠른배송] 프라임 와이드 수납 행거,https://ohou.se/productions/313591/selling?affect_type=ProductCategoryIndex&affect_id=,https://image.ohou.se/i/bucketplace-v2-development/uploads/productions/158986921606595523.jpg?gif=1&w=360&h=360&c=c&q=0.8&webp=1,89000,4.4,4406,프리메이드,오늘의 집,북유럽
93,[쿠폰할인] 블랑 좌식 접이식 거실테이블 3size(보호캡 증정),https://ohou.se/productions/1148571/selling?affect_type=ProductCategoryIndex&affect_id=,https://image.ohou.se/i/bucketplace-v2-development/uploads/productions/166502414205763831.jpg?gif=1&w=360&h=360&c=c&q=0.8&webp=1,17900,4.7,3776,우드레이,오늘의 집,북유럽
94,[5%쿠폰][오늘출발]카페 방수패브릭 접이식 소파베드 4colors,https://ohou.se/productions/48328/selling?affect_type=ProductCategoryIndex&affect_id=,https://image.ohou.se/i/bucketplace-v2-development/uploads/productions/166234094002529392.jpg?gif=1&w=360&h=360&c=c&q=0.8&webp=1,109900,4.6,12786,아이와비,오늘의 집,북유럽
95,순수 원목 미니테이블 협탁(원목상판),https://ohou.se/productions/349035/selling?affect_type=ProductCategoryIndex&affect_id=,https://image.ohou.se/i/bucketplace-v2-development/uploads/productions/165044157044744614.jpg?gif=1&w=360&h=360&c=c&q=0.8&webp=1,17900,4.5,6713,올리빙,오늘의 집,북유럽
96,PCS 골드벨벳 원형스툴 화장대의자,https://ohou.se/productions/185615/selling?affect_type=ProductCategoryIndex&affect_id=,https://image.ohou.se/i/bucketplace-v2-development/uploads/productions/1570435793_100132_1.jpg?gif=1&w=360&h=360&c=c&q=0.8&webp=1,29700,4.7,4019,지엠퍼니처,오늘의 집,러블리
97,어메이징 원목 침대깔판 (7일 이내 무상반품),https://ohou.se/productions/75702/selling?affect_type=ProductCategoryIndex&affect_id=,https://image.ohou.se/i/bucketplace-v2-development/uploads/productions/1542621980_107096_1.jpg?gif=1&w=360&h=360&c=c&q=0.8&webp=1,9900,4.5,12953,헤이몰리,오늘의 집,러블리
98,[기간한정할인] (리뷰이벤트) 누보 무헤드 빅서랍 수납침대 프레임 SS/Q,https://ohou.se/productions/277665/selling?affect_type=ProductCategoryIndex&affect_id=,https://image.ohou.se/i/bucketplace-v2-development/uploads/productions/162976829840416547.jpg?gif=1&w=360&h=360&c=c&q=0.8&webp=1,99000,4.6,1724,트루베퍼니처,오늘의 집,북유럽
99,빈 DSS 인테리어체어 9colors,https://ohou.se/productions/211080/selling?affect_type=ProductCategoryIndex&affect_id=,https://image.ohou.se/i/bucketplace-v2-development/uploads/productions/164264050231505493.jpg?gif=1&w=360&h=360&c=c&q=0.8&webp=1,37900,4.7,4080,에이비퍼니쳐,오늘의 집,러블리
100,[오늘의딜][7%쿠폰] 애슐리 원목 전신거울 3colors,https://ohou.se/productions/22282/selling?affect_type=ProductCategoryIndex&affect_id=,https://image.ohou.se/i/bucketplace-v2-development/uploads/productions/163728867571640510.jpg?gif=1&w=360&h=360&c=c&q=0.8&webp=1,32900,4.6,23386,베스트리빙,오늘의 집,북유럽
101,편안한 제주 본넬스프링 침대 매트리스 (싱글/슈퍼싱글/퀸/킹),https://ohou.se/productions/329318/selling?affect_type=ProductCategoryIndex&affect_id=,https://image.ohou.se/i/bucketplace-v2-development/uploads/productions/165580851630218889.jpg?gif=1&w=360&h=360&c=c&q=0.8&webp=1,74900,4.7,6892,휴도,오늘의 집,북유럽
102,(국내제작) 시니컬W 강화 유리 거실테이블/타원형 소파테이블 /(2colors/3size),https://ohou.se/productions/804716/selling?affect_type=ProductCategoryIndex&affect_id=,https://image.ohou.se/i/bucketplace-v2-development/uploads/productions/164758006177770742.jpg?gif=1&w=360&h=360&c=c&q=0.8&webp=1,68900,4.6,3186,아늑,오늘의 집,북유럽
103,★한샘몰 BEST 가성비 침대★ 동서가구 팬타 3단 수납 침대 SS / Q (2sizes 3colors),https://mall.hanssem.com/goods/goodsDetailMall.do?gdsNo=757352&searchdetail=gds_view&searchPagelist=3&searchKey=%EA%B0%80%EA%B5%AC,https://image.hanssem.com/hsimg/gds/220/757/757352_A1.jpg?v=20221006170503,"94,500",5,1,동서가구,한샘,북유럽
104,유로피안 모던라인 DIY 골드 가구 손잡이 G002,https://mall.hanssem.com/goods/goodsDetailMall.do?gdsNo=660051&searchdetail=gds_view&searchPagelist=4&searchKey=%EA%B0%80%EA%B5%AC,https://image.hanssem.com/hsimg/gds/220/660/660051_A1.jpg?v=20210824161608,"3,600",0,0,레드캣,한샘,레트로
105,삼익가구 욜로 원형 원목 스툴 / 화장대 의자,https://mall.hanssem.com/goods/goodsDetailMall.do?gdsNo=699242&searchdetail=gds_view&searchPagelist=2&searchKey=%EA%B0%80%EA%B5%AC,https://image.hanssem.com/hsimg/gds/220/699/699242_A1.jpg?v=20221025174140,"26,900",4.5,19,삼익가구,한샘,모던시크
106,[레드위크특가][3%쿠폰증정][온라인최저가+5%쿠폰+상품권증정] 레이디가구 모노 무헤드 수납침대 SS/Q 침대프레임 싱글침대 슈퍼싱글 퀸침대,https://mall.hanssem.com/goods/goodsDetailMall.do?gdsNo=853834&searchdetail=gds_view&searchPagelist=2&searchKey=%EA%B0%80%EA%B5%AC,https://image.hanssem.com/hsimg/gds/220/853/853834_A1.jpg?v=20221110185850,"164,940",4.5,15,레이디가구,한샘,레트로
107,모리 3단 1200 와이드 서랍장 시리즈 3colors,https://ohou.se/productions/349072/selling?affect_type=ProductCategoryIndex&affect_id=,https://image.ohou.se/i/bucketplace-v2-development/uploads/productions/163944985057083845.jpg?gif=1&w=360&h=360&c=c&q=0.8&webp=1,110000,4.5,2410,비에스디자인,오늘의 집,북유럽
108,[쿠폰]콰트로 데스크 시리즈 19size (400~2000mm),https://ohou.se/productions/59598/selling?affect_type=ProductCategoryIndex&affect_id=,https://image.ohou.se/i/bucketplace-v2-development/uploads/productions/160325967993313215.jpg?gif=1&w=360&h=360&c=c&q=0.8&webp=1,82000,4.7,8362,두닷,오늘의 집,북유럽
109,가구느낌 모자빠텐(발무) 아일랜드식탁의자 홈바,https://mall.hanssem.com/goods/goodsDetailMall.do?gdsNo=525928&searchdetail=gds_view&searchPagelist=2&searchKey=%EA%B0%80%EA%B5%AC,https://image.hanssem.com/hsimg/gds/220/525/525928_A1.jpg?v=20221102103842,"22,900",4.9,9,가구느낌,한샘,모던시크
110,[삼익가구]레온 프리미엄 LED 사이드 협탁(침대 구매시 배송가능),https://mall.hanssem.com/goods/goodsDetailMall.do?gdsNo=830334&searchdetail=gds_view&searchPagelist=2&searchKey=%EA%B0%80%EA%B5%AC,https://image.hanssem.com/hsimg/gds/220/830/830334_A1.jpg?v=20221006170503,"187,000",4.5,10,삼익가구,한샘,북유럽
111,[~11/15쌤딜특가] [레드위크특가][드레스룸1위+상품권페이백+3%추가쿠폰]레이디가구 이안 드레스룸 옷장 시스템장,https://mall.hanssem.com/goods/goodsDetailMall.do?gdsNo=671463&searchdetail=gds_view&searchPagelist=1&searchKey=%EA%B0%80%EA%B5%AC,https://image.hanssem.com/hsimg/gds/220/671/671463_A1.jpg?v=20221110190008,"47,950",4.4,512,레이디가구,한샘,모던시크
112,[삼익가구]샘 멀티수납형 화장대 세트(스툴포함),https://mall.hanssem.com/goods/goodsDetailMall.do?gdsNo=628652&searchdetail=gds_view&searchPagelist=4&searchKey=%EA%B0%80%EA%B5%AC,https://image.hanssem.com/hsimg/gds/220/628/628652_A1.jpg?v=20221006170503,"187,000",4.3,2,삼익가구,한샘,북유럽
113,슬라이딩 틈새수납장 16Size 3Color,https://ohou.se/productions/83728/selling?affect_type=ProductCategoryIndex&affect_id=,https://image.ohou.se/i/bucketplace-v2-development/uploads/productions/1546923562148_JxCLPJUSZ.jpg?gif=1&w=360&h=360&c=c&q=0.8&webp=1,80000,4.4,2250,스스디,오늘의 집,모던시크
114,[신혼침대1위+10%쿠폰+최저가+포토후기이벤트] 레이디가구 모노 베이직 침대(SS/Q/슈퍼싱글/퀸)(프레임/매트리스/패널형),https://mall.hanssem.com/goods/goodsDetailMall.do?gdsNo=759533&searchdetail=gds_view&searchPagelist=2&searchKey=%EA%B0%80%EA%B5%AC,https://image.hanssem.com/hsimg/gds/220/759/759533_A1.jpg?v=20221028174033,"178,600",4.5,10,레이디가구,한샘,북유럽
115,[삼익가구]래디슨 아트월 사이드 멀티패널 협탁(침대 구매시 배송가능),https://mall.hanssem.com/goods/goodsDetailMall.do?gdsNo=856782&searchdetail=gds_view&searchPagelist=2&searchKey=%EA%B0%80%EA%B5%AC,https://image.hanssem.com/hsimg/gds/220/856/856782_A1.jpg?v=20221006170503,"199,000",4.5,2,삼익가구,한샘,북유럽
116,삼익가구 데일리 멀티 다용도 원목 협탁,https://mall.hanssem.com/goods/goodsDetailMall.do?gdsNo=858852&searchdetail=gds_view&searchPagelist=2&searchKey=%EA%B0%80%EA%B5%AC,https://image.hanssem.com/hsimg/gds/220/858/858852_A1.jpg?v=20221006170503,"39,900",4.6,5,삼익가구,한샘,레트로
117,버즈가구 (1+1커버행사)론다 3인용 스타일클린 워셔블 패브릭 소파베드 다크그레이 BS3014,https://mall.hanssem.com/goods/goodsDetailMall.do?gdsNo=501745&searchdetail=gds_view&searchPagelist=3&searchKey=%EA%B0%80%EA%B5%AC,https://image.hanssem.com/hsimg/gds/220/501/501745_A1.jpg?v=20221101132334,"484,500",4.9,173,버즈가구 (buzz),한샘,레트로
118,톤 고무나무 원목 디자인 윈저의자 4colors,https://ohou.se/productions/111191/selling?affect_type=ProductCategoryIndex&affect_id=,https://image.ohou.se/i/bucketplace-v2-development/uploads/productions/165344308571749241.jpg?gif=1&w=360&h=360&c=c&q=0.8&webp=1,29870,4.4,3968,베스트리빙,오늘의 집,북유럽
119,모듈가구 003(3단) 6colors,https://ohou.se/productions/594962/selling?affect_type=ProductCategoryIndex&affect_id=,https://image.ohou.se/i/bucketplace-v2-development/uploads/productions/162303802572522809.jpeg?gif=1&w=360&h=360&c=c&q=0.8&webp=1,87900,4.7,2998,yeyecompany,오늘의 집,북유럽
120,★11월 한정 쿠폰 행사★ 동서가구 아망 시스템 드레스룸 철제 행거 화이트/오크 2colors,https://mall.hanssem.com/goods/goodsDetailMall.do?gdsNo=546078&searchdetail=gds_view&searchPagelist=1&searchKey=%EA%B0%80%EA%B5%AC,https://image.hanssem.com/hsimg/gds/220/546/546078_A1.jpg?v=20221101143119,"65,380",4.7,353,동서가구,한샘,북유럽
121,[5%쿠폰] 데이지 LED 조명 3단 벙커 수납 침대 SS/Q (매트포함) SS/Q,https://ohou.se/productions/1243313/selling?affect_type=ProductCategoryIndex&affect_id=,https://image.ohou.se/i/bucketplace-v2-development/uploads/productions/164991165701553270.jpg?gif=1&w=360&h=360&c=c&q=0.8&webp=1,339000,4.7,1863,오트밀하우스,오늘의 집,북유럽
122,[7%쿠폰] 경량랙 무볼트 조립식 철제 앵글선반 5단,https://ohou.se/productions/395416/selling?affect_type=ProductCategoryIndex&affect_id=,https://image.ohou.se/i/bucketplace-v2-development/uploads/productions/159373882531730112.jpg?gif=1&w=360&h=360&c=c&q=0.8&webp=1,52900,4.6,5097,스피드랙,오늘의 집,모던시크
123,[5%쿠폰][빠른배송] 노르딕 행거 2colors,https://ohou.se/productions/340305/selling?affect_type=ProductCategoryIndex&affect_id=,https://image.ohou.se/i/bucketplace-v2-development/uploads/productions/164638139280231846.jpg?gif=1&w=360&h=360&c=c&q=0.8&webp=1,12900,4.6,1278,룸앤홈,오늘의 집,북유럽
124,가구느낌 빌리책장 철재 선반 인테리어,https://mall.hanssem.com/goods/goodsDetailMall.do?gdsNo=531018&searchdetail=gds_view&searchPagelist=4&searchKey=%EA%B0%80%EA%B5%AC,https://image.hanssem.com/hsimg/gds/220/531/531018_A1.jpg?v=20220506102403,"30,900",3.3,11,가구느낌,한샘,북유럽
125,동서가구 LV 사무용/컴퓨터/침대형 의자 13종 모음,https://mall.hanssem.com/goods/goodsDetailMall.do?gdsNo=664357&searchdetail=gds_view&searchPagelist=4&searchKey=%EA%B0%80%EA%B5%AC,https://image.hanssem.com/hsimg/gds/220/664/664357_A1.jpg?v=20220926142700,"91,900",4.7,3,동서가구,한샘,모던시크
126,[삼익가구]데이안 메쉬 사무용 학생의자,https://mall.hanssem.com/goods/goodsDetailMall.do?gdsNo=879688&searchdetail=gds_view&searchPagelist=3&searchKey=%EA%B0%80%EA%B5%AC,https://image.hanssem.com/hsimg/gds/220/879/879688_A1.jpg?v=20220816101425,"89,000",3.7,3,삼익가구,한샘,모던시크
127,[레드위크특가][3%쿠폰증정][판매1위]레이디가구 몬스터 필로우탑 침대 매트리스 슈퍼싱글 퀸 킹 (S/SS/Q/K),https://mall.hanssem.com/goods/goodsDetailMall.do?gdsNo=634535&searchdetail=gds_view&searchPagelist=1&searchKey=%EA%B0%80%EA%B5%AC,https://image.hanssem.com/hsimg/gds/220/634/634535_A1.jpg?v=20221110190117,"127,260",4.7,156,레이디가구,한샘,북유럽
128,[5%쿠폰]OLLSON 책상 4colors,https://ohou.se/productions/13150/selling?affect_type=ProductCategoryIndex&affect_id=,https://image.ohou.se/i/bucketplace-v2-development/uploads/productions/1550193539373_HqTZ2MU.jpg?gif=1&w=360&h=360&c=c&q=0.8&webp=1,53000,4.5,7251,마켓비,오늘의 집,북유럽
129,[10%쿠폰] 드레스룸BEST! 맞춤제작 시스템 드레스룸 (무료시공) 9colors,https://ohou.se/productions/121821/selling?affect_type=ProductCategoryIndex&affect_id=,https://image.ohou.se/i/bucketplace-v2-development/uploads/productions/165716862565891115.jpg?gif=1&w=360&h=360&c=c&q=0.8&webp=1,8100,4.6,4603,큐브,오늘의 집,모던시크
130,[단독특가] 9존 인생 매트리스토퍼 3colors (MS/SS/Q),https://ohou.se/productions/75389/selling?affect_type=ProductCategoryIndex&affect_id=,https://image.ohou.se/i/bucketplace-v2-development/uploads/productions/165458689891224456.jpg?gif=1&w=360&h=360&c=c&q=0.8&webp=1,29400,4.6,15968,하벤홈,오늘의 집,북유럽
131,네이처 허리받침+라텍스 세트 학생/공부/사무용 책상 컴퓨터의자,https://ohou.se/productions/419509/selling?affect_type=ProductCategoryIndex&affect_id=,https://image.ohou.se/i/bucketplace-v2-development/uploads/productions/166253641132702148.jpg?gif=1&w=360&h=360&c=c&q=0.8&webp=1,63900,4.6,3019,체어스코,오늘의 집,북유럽
132,삼익가구 마임 일체형 원룸 자취방 매트리스 침대,https://mall.hanssem.com/goods/goodsDetailMall.do?gdsNo=685980&searchdetail=gds_view&searchPagelist=4&searchKey=%EA%B0%80%EA%B5%AC,https://image.hanssem.com/hsimg/gds/220/685/685980_A1.jpg?v=20221006170503,"129,000",5,3,삼익가구,한샘,로맨틱
133,LERBERG 와이드 철제 선반 2colors,https://ohou.se/productions/153789/selling?affect_type=ProductCategoryIndex&affect_id=,https://image.ohou.se/i/bucketplace-v2-development/uploads/productions/159428401441155105.jpg?gif=1&w=360&h=360&c=c&q=0.8&webp=1,14900,4.6,4229,이케아,오늘의 집,모던시크
134,무볼트 드레스룸 조립식 싱글 바지걸이 행거,https://ohou.se/productions/1121295/selling?affect_type=ProductCategoryIndex&affect_id=,https://image.ohou.se/i/bucketplace-v2-development/uploads/productions/163875327222440461.jpg?gif=1&w=360&h=360&c=c&q=0.8&webp=1,44900,4.7,1316,MF매직하우스,오늘의 집,모던시크
135,베르 고무나무 심플 원목 미니 침대 옆 협탁 선반,https://ohou.se/productions/443184/selling?affect_type=ProductCategoryIndex&affect_id=,https://image.ohou.se/i/bucketplace-v2-development/uploads/productions/1593512962_102087_1.jpg?gif=1&w=360&h=360&c=c&q=0.8&webp=1,49800,4.6,2380,나누벨,오늘의 집,북유럽
136,[12%쿠폰](당일출고) 순수원목 B테이블라지 접이식 거실테이블 2colors,https://ohou.se/productions/387732/selling?affect_type=ProductCategoryIndex&affect_id=,https://image.ohou.se/i/bucketplace-v2-development/uploads/productions/164274787851855426.jpg?gif=1&w=360&h=360&c=c&q=0.8&webp=1,39900,4.6,11399,먼데이하우스,오늘의 집,북유럽
137,플로 미니 침대 협탁 사이드 테이블 3colors,https://ohou.se/productions/958608/selling?affect_type=ProductCategoryIndex&affect_id=,https://image.ohou.se/i/bucketplace-v2-development/uploads/productions/166633258186915730.jpg?gif=1&w=360&h=360&c=c&q=0.8&webp=1,42900,4.7,1509,올쏘퍼니처,오늘의 집,북유럽
138,★한샘몰 단독특가★삼익가구 매그 대형 삼각 빈백 소파/쇼파,https://mall.hanssem.com/goods/goodsDetailMall.do?gdsNo=711689&searchdetail=gds_view&searchPagelist=3&searchKey=%EA%B0%80%EA%B5%AC,https://image.hanssem.com/hsimg/gds/220/711/711689_A1.jpg?v=20220531143832,"91,000",5,2,삼익가구,한샘,북유럽
139,[12%쿠폰] 호텔소파원단 패브릭 소파베드 3colors (쿠션증정),https://ohou.se/productions/138320/selling?affect_type=ProductCategoryIndex&affect_id=,https://image.ohou.se/i/bucketplace-v2-development/uploads/productions/1561105403576_wW7.jpg?gif=1&w=360&h=360&c=c&q=0.8&webp=1,82000,4.4,7987,먼데이하우스,오늘의 집,모던시크
140,스완 원목 수납 거울 화장대 2colors,https://ohou.se/productions/19683/selling?affect_type=ProductCategoryIndex&affect_id=,https://image.ohou.se/i/bucketplace-v2-development/uploads/productions/165630140214356914.png?gif=1&w=360&h=360&c=c&q=0.8&webp=1,85900,4.4,7075,리샘,오늘의 집,북유럽
141,다용도 매직 파티션 S/M/L 3size,https://ohou.se/productions/300528/selling?affect_type=ProductCategoryIndex&affect_id=,https://image.ohou.se/i/bucketplace-v2-development/uploads/productions/162012789690284071.jpg?gif=1&w=360&h=360&c=c&q=0.8&webp=1,31900,4.6,6078,까사마루,오늘의 집,북유럽
142,장인가구 그라토 편백 LED 4서랍 침대 프레임 SS,https://mall.hanssem.com/goods/goodsDetailMall.do?gdsNo=964029&searchdetail=gds_view&searchPagelist=3&searchKey=%EA%B0%80%EA%B5%AC,https://image.hanssem.com/hsimg/gds/220/964/964029_A1.jpg?v=20221012155358,"269,000",0,0,장인가구,한샘,북유럽
143,[5%쿠폰]FIHA 서랍장 5단 6colors,https://ohou.se/productions/307305/selling?affect_type=ProductCategoryIndex&affect_id=,https://image.ohou.se/i/bucketplace-v2-development/uploads/productions/165356318867862540.jpg?gif=1&w=360&h=360&c=c&q=0.8&webp=1,49900,4.5,7285,마켓비,오늘의 집,북유럽
144,동서가구 레번 300 틈새장(소) E917086,https://mall.hanssem.com/goods/goodsDetailMall.do?gdsNo=744562&searchdetail=gds_view&searchPagelist=4&searchKey=%EA%B0%80%EA%B5%AC,https://image.hanssem.com/hsimg/gds/220/744/744562_A1.jpg?v=20200615155305,"61,900",0,0,동서가구,한샘,북유럽
145,[오늘의딜] 네드 무헤드 4단 멀티 통서랍형 수납 침대 SS/Q (매트추가),https://ohou.se/productions/1411130/selling?affect_type=ProductCategoryIndex&affect_id=,https://image.ohou.se/i/bucketplace-v2-development/uploads/productions/165597073691671785.jpg?gif=1&w=360&h=360&c=c&q=0.8&webp=1,239000,4.6,3175,어라운드화이트,오늘의 집,북유럽
146,★한샘몰단독최저가★[삼익가구]블랑 800 옷장,https://mall.hanssem.com/goods/goodsDetailMall.do?gdsNo=622039&searchdetail=gds_view&searchPagelist=4&searchKey=%EA%B0%80%EA%B5%AC,https://image.hanssem.com/hsimg/gds/220/622/622039_A1.jpg?v=20221006170503,"89,000",3.8,3,삼익가구,한샘,모던시크
147,[레드위크특가][3%쿠폰증정][한샘몰 최저가+최대5만원페이백][20%쿠폰] 레이디가구 몬스터 프리미엄 토퍼분리형 매트리스 퀸매트리스 슈퍼싱글 라지킹,https://mall.hanssem.com/goods/goodsDetailMall.do?gdsNo=661473&searchdetail=gds_view&searchPagelist=1&searchKey=%EA%B0%80%EA%B5%AC,https://image.hanssem.com/hsimg/gds/220/661/661473_A1.jpg?v=20221110190008,"294,100",4.7,242,레이디가구,한샘,모던시크
148,[당일출고] 노프레임 비정형 전신거울 A-4 (원목 받침대 포함) 2Size,https://ohou.se/productions/1335073/selling?affect_type=ProductCategoryIndex&affect_id=,https://image.ohou.se/i/bucketplace-v2-development/uploads/productions/164421153786247561.jpg?gif=1&w=360&h=360&c=c&q=0.8&webp=1,75900,4.7,679,어그리어블리,오늘의 집,모던시크
149,[12%쿠폰](전용커버) 호텔패브릭원단 SILLY 좌식의자 4colors,https://ohou.se/productions/290657/selling?affect_type=ProductCategoryIndex&affect_id=,https://image.ohou.se/i/bucketplace-v2-development/uploads/productions/158814901890858616.jpg?gif=1&w=360&h=360&c=c&q=0.8&webp=1,34900,4.6,6606,먼데이하우스,오늘의 집,모던시크
150,★한샘몰단독최저가★[삼익가구]우노 초대형 키큰 옷장 1000(행거형A타입),https://mall.hanssem.com/goods/goodsDetailMall.do?gdsNo=817884&searchdetail=gds_view&searchPagelist=2&searchKey=%EA%B0%80%EA%B5%AC,https://image.hanssem.com/hsimg/gds/220/817/817884_A1.jpg?v=20221006170503,"149,000",4.8,2,삼익가구,한샘,모던시크
151,[11%쿠폰][오늘의딜] 플랫 리빙 타원형 소파 거실테이블 1200 (낮은형),https://ohou.se/productions/345801/selling?affect_type=ProductCategoryIndex&affect_id=,https://image.ohou.se/i/bucketplace-v2-development/uploads/productions/166147685569425564.jpg?gif=1&w=360&h=360&c=c&q=0.8&webp=1,99000,4.5,3178,포더홈,오늘의 집,러블리
152,[7%쿠폰] 스완A 원목 수납 콘솔 화장대 (탁상거울 선택) 2colors,https://ohou.se/productions/1286097/selling?affect_type=ProductCategoryIndex&affect_id=,https://image.ohou.se/i/bucketplace-v2-development/uploads/productions/166719719552521439.jpg?gif=1&w=360&h=360&c=c&q=0.8&webp=1,65900,4.4,1320,리샘,오늘의 집,북유럽
153,[쿠폰할인] 시그니쳐 거치형 전신거울 2size 3colors(300/400),https://ohou.se/productions/744052/selling?affect_type=ProductCategoryIndex&affect_id=,https://image.ohou.se/i/bucketplace-v2-development/uploads/productions/162485469775930066.jpg?gif=1&w=360&h=360&c=c&q=0.8&webp=1,19900,4.6,1886,우드레이,오늘의 집,북유럽
154,프리미엄 다크 일파만파 북선반 4colors,https://ohou.se/productions/39233/selling?affect_type=ProductCategoryIndex&affect_id=,https://image.ohou.se/i/bucketplace-v2-development/uploads/productions/164438410420415212.jpg?gif=1&w=360&h=360&c=c&q=0.8&webp=1,35900,4.4,1946,JWK,오늘의 집,북유럽
155,[삼익가구]포르테 리프트업 소파 테이블,https://mall.hanssem.com/goods/goodsDetailMall.do?gdsNo=677261&searchdetail=gds_view&searchPagelist=2&searchKey=%EA%B0%80%EA%B5%AC,https://image.hanssem.com/hsimg/gds/220/677/677261_A1.jpg?v=20221012105521,"111,000",4.8,6,삼익가구,한샘,레트로
156,[기간할인] (리뷰이벤트) E0등급 에세이 블랑 아치형거울 콘솔화장대,https://ohou.se/productions/982702/selling?affect_type=ProductCategoryIndex&affect_id=,https://image.ohou.se/i/bucketplace-v2-development/uploads/productions/166132675095344154.jpg?gif=1&w=360&h=360&c=c&q=0.8&webp=1,115900,4.5,611,트루베퍼니처,오늘의 집,북유럽
157,편안한 제주 필로우탑 본넬스프링 침대 매트리스 (싱글/슈퍼싱글/퀸/킹),https://ohou.se/productions/329364/selling?affect_type=ProductCategoryIndex&affect_id=,https://image.ohou.se/i/bucketplace-v2-development/uploads/productions/165580847056056090.jpg?gif=1&w=360&h=360&c=c&q=0.8&webp=1,104900,4.7,13750,휴도,오늘의 집,모던시크
158,[레드위크특가][판매1위][3%쿠폰증정][한샘몰최저가+상품권페이백]레이디 가구 스칸딕 패밀리 4인 라운딩 낮은 원목식탁 식탁세트,https://mall.hanssem.com/goods/goodsDetailMall.do?gdsNo=743080&searchdetail=gds_view&searchPagelist=1&searchKey=%EA%B0%80%EA%B5%AC,https://image.hanssem.com/hsimg/gds/220/743/743080_A1.jpg?v=20221110185850,"379,460",4.7,508,레이디가구,한샘,북유럽
159,까사 원목 접이식 거실테이블 8종,https://ohou.se/productions/338734/selling?affect_type=ProductCategoryIndex&affect_id=,https://image.ohou.se/i/bucketplace-v2-development/uploads/productions/164922446630877817.jpg?gif=1&w=360&h=360&c=c&q=0.8&webp=1,45900,4.7,5517,룸스퀘어,오늘의 집,북유럽
160,LINNMON 테이블 책상 (ADILS 다리) 100x60,https://ohou.se/productions/538967/selling?affect_type=ProductCategoryIndex&affect_id=,https://image.ohou.se/i/bucketplace-v2-development/uploads/productions/159468983689980813.jpg?gif=1&w=360&h=360&c=c&q=0.8&webp=1,48000,4.6,1919,이케아,오늘의 집,러블리
161,[NEW리뉴얼][10%쿠폰][무료올림/내림] 레이디가구 렌소이스 밸런스 마이크로스프링 매트리스,https://mall.hanssem.com/goods/goodsDetailMall.do?gdsNo=848687&searchdetail=gds_view&searchPagelist=3&searchKey=%EA%B0%80%EA%B5%AC,https://image.hanssem.com/hsimg/gds/220/848/848687_A1.jpg?v=20221006170503,"423,000",5,2,레이디가구,한샘,북유럽
162,장인가구 솔로 라텍스폼 컴포트본넬 일체형매트리스 싱글,https://mall.hanssem.com/goods/goodsDetailMall.do?gdsNo=964514&searchdetail=gds_view&searchPagelist=4&searchKey=%EA%B0%80%EA%B5%AC,https://image.hanssem.com/hsimg/gds/220/964/964514_A1.jpg?v=20221012151304,"154,000",0,0,장인가구,한샘,로맨틱
163,삼익가구 거실장 1위★아만다 익스텐션 1800 그레이/멀바우 거실장,https://mall.hanssem.com/goods/goodsDetailMall.do?gdsNo=631209&searchdetail=gds_view&searchPagelist=2&searchKey=%EA%B0%80%EA%B5%AC,https://image.hanssem.com/hsimg/gds/220/631/631209_A1.jpg?v=20211102092433,"89,900",4.6,14,삼익가구,한샘,레트로
164,헬메르 철제 이동식서랍장 (이중박스포장),https://ohou.se/productions/138894/selling?affect_type=ProductCategoryIndex&affect_id=,https://image.ohou.se/i/bucketplace-v2-development/uploads/productions/156152249174810541.jpg?gif=1&w=360&h=360&c=c&q=0.8&webp=1,54500,4.6,2781,이케아,오늘의 집,레트로
165,레이디가구 매튜 슬라이딩 옷장_추가구성 전신거울1ea(옷장제외/단독구매불가),https://mall.hanssem.com/goods/goodsDetailMall.do?gdsNo=646976&searchdetail=gds_view&searchPagelist=3&searchKey=%EA%B0%80%EA%B5%AC,https://image.hanssem.com/hsimg/gds/220/646/646976_A1.jpg?v=20221104095527,"161,500",4.6,20,레이디가구,한샘,모던시크
166,특허받은 고정식 튼튼한행거 2단 M 2colors,https://ohou.se/productions/347959/selling?affect_type=ProductCategoryIndex&affect_id=,https://image.ohou.se/i/bucketplace-v2-development/uploads/productions/161277679921464251.jpg?gif=1&w=360&h=360&c=c&q=0.8&webp=1,30900,4.6,1643,리우리빙,오늘의 집,모던시크
167,한샘매장가구 유로 603 일리스 브라운 식탁 2000,https://mall.hanssem.com/goods/goodsDetailMall.do?gdsNo=909694&searchdetail=gds_view&searchPagelist=3&searchKey=%EA%B0%80%EA%B5%AC,https://image.hanssem.com/hsimg/gds/220/909/909694_A1.jpg?v=20221103104453,"936,000",5,1,한샘인테리어,한샘,레트로
168,레이디가구 데이지 포세린 12T 통세라믹 식탁세트 세라믹식탁,https://mall.hanssem.com/goods/goodsDetailMall.do?gdsNo=779439&searchdetail=gds_view&searchPagelist=2&searchKey=%EA%B0%80%EA%B5%AC,https://image.hanssem.com/hsimg/gds/220/779/779439_A1.jpg?v=20220930152929,"645,050",4.4,9,레이디가구,한샘,북유럽
169,동서가구 M71 편백 인볼브 적용 흙침대/돌소파/흙소파/돌침대 DF642689,https://mall.hanssem.com/goods/goodsDetailMall.do?gdsNo=384946&searchdetail=gds_view&searchPagelist=3&searchKey=%EA%B0%80%EA%B5%AC,https://image.hanssem.com/hsimg/gds/220/384/384946_A1.jpg?v=20221006170503,"427,500",4.4,27,동서가구,한샘,레트로
170,[레드위크특가][3%쿠폰증정][한샘몰 최저가+최대5만원페이백]레이디가구 코쿤 저상형 LED수납형/슬림형 데이베드 패밀리침대,https://mall.hanssem.com/goods/goodsDetailMall.do?gdsNo=695141&searchdetail=gds_view&searchPagelist=1&searchKey=%EA%B0%80%EA%B5%AC,https://image.hanssem.com/hsimg/gds/220/695/695141_A1.jpg?v=20221110190008,"287,120",4.7,455,레이디가구,한샘,로맨틱
171,비산 파손방지 강화 안전 대형 전신거울 400/600/700,https://ohou.se/productions/300123/selling?affect_type=ProductCategoryIndex&affect_id=,https://image.ohou.se/i/bucketplace-v2-development/uploads/productions/165484262645266978.jpg?gif=1&w=360&h=360&c=c&q=0.8&webp=1,21800,4.7,6618,우드리퍼블릭,오늘의 집,북유럽
172,전신경 전신거울 3size 3colors (300/400/600),https://ohou.se/productions/343456/selling?affect_type=ProductCategoryIndex&affect_id=,https://image.ohou.se/i/bucketplace-v2-development/uploads/productions/163901235755003571.jpg?gif=1&w=360&h=360&c=c&q=0.8&webp=1,17910,4.6,14070,준우드,오늘의 집,모던시크
173,★11월 한정 단독쿠폰 행사★ 동서가구 멀바우 대용량 수납형 편백 황토숯 흙침대 S/Q (8종 택1),https://mall.hanssem.com/goods/goodsDetailMall.do?gdsNo=824672&searchdetail=gds_view&searchPagelist=2&searchKey=%EA%B0%80%EA%B5%AC,https://image.hanssem.com/hsimg/gds/220/824/824672_A1.jpg?v=20221101143119,"313,400",4.5,2,동서가구,한샘,레트로
174,[8%쿠폰]모아나 아쿠아텍스 3인용 소파(스툴포함),https://ohou.se/productions/728050/selling?affect_type=ProductCategoryIndex&affect_id=,https://image.ohou.se/i/bucketplace-v2-development/uploads/productions/161474487162984019.jpg?gif=1&w=360&h=360&c=c&q=0.8&webp=1,189000,4.7,3410,삼익가구,오늘의 집,모던시크
175,"[주말특가][리뷰 1,500개] 페이톤 체어 식탁 카페 인테리어 플라스틱 철재 사출 의자",https://ohou.se/productions/887397/selling?affect_type=ProductCategoryIndex&affect_id=,https://image.ohou.se/i/bucketplace-v2-development/uploads/productions/162518909273356834.jpg?gif=1&w=360&h=360&c=c&q=0.8&webp=1,30900,4.7,1527,로엠가구,오늘의 집,북유럽
176,[단독특가] 헤이나 LED조명 멀티 수납 침대 (매트선택) SS/Q,https://ohou.se/productions/375727/selling?affect_type=ProductCategoryIndex&affect_id=,https://image.ohou.se/i/bucketplace-v2-development/uploads/productions/164999244041691819.jpg?gif=1&w=360&h=360&c=c&q=0.8&webp=1,179900,4.5,5458,리샘,오늘의 집,북유럽
177,한샘매장가구 유로 503 호텔침대 뉴트럴 화이트 2단서랍장 1000,https://mall.hanssem.com/goods/goodsDetailMall.do?gdsNo=782844&searchdetail=gds_view&searchPagelist=2&searchKey=%EA%B0%80%EA%B5%AC,https://image.hanssem.com/hsimg/gds/220/782/782844_A1.jpg?v=20220803153419,"319,000",4.9,18,한샘인테리어,한샘,모던시크
178,장인가구 셰리 아이보리 1200 서랍 주방수납장,https://mall.hanssem.com/goods/goodsDetailMall.do?gdsNo=590816&searchdetail=gds_view&searchPagelist=3&searchKey=%EA%B0%80%EA%B5%AC,https://image.hanssem.com/hsimg/gds/220/590/590816_A1.jpg?v=20221006192255,"124,900",3.5,12,장인가구,한샘,모던시크
179,[7%쿠폰] 타미 1인 패브릭소파 3colors,https://ohou.se/productions/32151/selling?affect_type=ProductCategoryIndex&affect_id=,https://image.ohou.se/i/bucketplace-v2-development/uploads/productions/1531964785710_VEwgN1.jpg?gif=1&w=360&h=360&c=c&q=0.8&webp=1,106900,4.6,6608,보니애가구,오늘의 집,북유럽
180,동서가구 LV 추천상품 TV거실장 모음전,https://mall.hanssem.com/goods/goodsDetailMall.do?gdsNo=412385&searchdetail=gds_view&searchPagelist=3&searchKey=%EA%B0%80%EA%B5%AC,https://image.hanssem.com/hsimg/gds/220/412/412385_A1.jpg?v=20220725141631,"107,000",4.7,18,동서가구,한샘,북유럽
181,[12%쿠폰] CLEAR 강화유리 거실테이블/타원형 소파테이블/(2colors/3size),https://ohou.se/productions/1199701/selling?affect_type=ProductCategoryIndex&affect_id=,https://image.ohou.se/i/bucketplace-v2-development/uploads/productions/165516926321714885.jpg?gif=1&w=360&h=360&c=c&q=0.8&webp=1,61900,4.6,1072,먼데이하우스,오늘의 집,북유럽
182,가구느낌 프라하빠텐(발유) 아일랜드식탁의자 홈바,https://mall.hanssem.com/goods/goodsDetailMall.do?gdsNo=525939&searchdetail=gds_view&searchPagelist=3&searchKey=%EA%B0%80%EA%B5%AC,https://image.hanssem.com/hsimg/gds/220/525/525939_A1.jpg?v=20221026112406,"48,000",4.8,14,가구느낌,한샘,모던시크
183,루시 1200 높은 수납장,https://ohou.se/productions/1318267/selling?affect_type=ProductCategoryIndex&affect_id=,https://image.ohou.se/i/bucketplace-v2-development/uploads/productions/165503856971938519.jpg?gif=1&w=360&h=360&c=c&q=0.8&webp=1,149000,4.6,3889,어라운드화이트,오늘의 집,모던시크
184,[10%쿠폰] 국민토퍼 3단 접이식 마약 매트리스 침대 바닥 토퍼 10cm(MS/SS/Q),https://ohou.se/productions/441450/selling?affect_type=ProductCategoryIndex&affect_id=,https://image.ohou.se/i/bucketplace-v2-development/uploads/productions/166321939629956638.jpg?gif=1&w=360&h=360&c=c&q=0.8&webp=1,58600,4.7,1090,024홈,오늘의 집,레트로
185,(착) 라자가구 RF 코니 벤치 수납 스툴,https://mall.hanssem.com/goods/goodsDetailMall.do?gdsNo=802511&searchdetail=gds_view&searchPagelist=2&searchKey=%EA%B0%80%EA%B5%AC,https://image.hanssem.com/hsimg/gds/220/802/802511_A1.jpg?v=20221006170503,"39,900",3.7,8,라자가구,한샘,북유럽
186,[12%쿠폰](당일출고) 순수원목 A사이드테이블 3colors,https://ohou.se/productions/388715/selling?affect_type=ProductCategoryIndex&affect_id=,https://image.ohou.se/i/bucketplace-v2-development/uploads/productions/1504142328528_JFxjEAgg.jpg?gif=1&w=360&h=360&c=c&q=0.8&webp=1,19900,4.6,39193,먼데이하우스,오늘의 집,북유럽
187,[레드위크특가][온라인최저가+10%쿠폰+수도권 무료배송] 레이디가구 위슨 프리미엄 가죽침대 Q/SS 슈퍼싱글/퀸 침대,https://mall.hanssem.com/goods/goodsDetailMall.do?gdsNo=663295&searchdetail=gds_view&searchPagelist=2&searchKey=%EA%B0%80%EA%B5%AC,https://image.hanssem.com/hsimg/gds/220/663/663295_A1.jpg?v=20221110190008,"385,200",4.4,39,레이디가구,한샘,북유럽
188,비앙카 곡선라인 LED 수납침대 (SS/Q/K)+매트리스 선택 / 3colors,https://ohou.se/productions/355500/selling?affect_type=ProductCategoryIndex&affect_id=,https://image.ohou.se/i/bucketplace-v2-development/uploads/productions/165165558898736302.jpg?gif=1&w=360&h=360&c=c&q=0.8&webp=1,189900,4.5,6411,웨스트프롬,오늘의 집,러블리
189,[한샘몰최저가][5%쿠폰할인]레이디가구스칸딕 동그리 베이비 옷장 /베이비장/ 아기옷장,https://mall.hanssem.com/goods/goodsDetailMall.do?gdsNo=834926&searchdetail=gds_view&searchPagelist=2&searchKey=%EA%B0%80%EA%B5%AC,https://image.hanssem.com/hsimg/gds/220/834/834926_A1.jpg?v=20220907180934,"146,300",4.7,5,레이디가구,한샘,로맨틱
190,[오늘의딜] 델루나 LED 프리미엄 수납 호텔 침대 (매트 추가) SS/Q,https://ohou.se/productions/853866/selling?affect_type=ProductCategoryIndex&affect_id=,https://image.ohou.se/i/bucketplace-v2-development/uploads/productions/162305319724286602.jpg?gif=1&w=360&h=360&c=c&q=0.8&webp=1,359000,4.7,1886,삼익가구,오늘의 집,북유럽
191,[11%쿠폰][오늘의딜] 플레인 E0등급 3단 1200 더 높은 선반 수납장/서랍장,https://ohou.se/productions/460766/selling?affect_type=ProductCategoryIndex&affect_id=,https://image.ohou.se/i/bucketplace-v2-development/uploads/productions/164923323173358916.jpg?gif=1&w=360&h=360&c=c&q=0.8&webp=1,119900,4.5,2154,포더홈,오늘의 집,모던시크
192,[리퍼] 라이징 리프트업테이블,https://ohou.se/productions/681454/selling?affect_type=ProductCategoryIndex&affect_id=,https://image.ohou.se/i/bucketplace-v2-development/uploads/productions/163996296567725049.jpg?gif=1&w=360&h=360&c=c&q=0.8&webp=1,53900,4.6,1811,데코라인,오늘의 집,러블리
193,[11%쿠폰] 이안빅 1200 옷장 슬라이딩 수납장 (행거/선반형) 3colors,https://ohou.se/productions/346955/selling?affect_type=ProductCategoryIndex&affect_id=,https://image.ohou.se/i/bucketplace-v2-development/uploads/productions/163482246552769372.jpg?gif=1&w=360&h=360&c=c&q=0.8&webp=1,209000,4.3,1071,레이디가구,오늘의 집,러블리
194,[웰리스가구] Timeless Design 마레 고무나무 5단 원목 서랍장 (엔틱 수납장) W900,https://mall.hanssem.com/goods/goodsDetailMall.do?gdsNo=808556&searchdetail=gds_view&searchPagelist=3&searchKey=%EA%B0%80%EA%B5%AC,https://image.hanssem.com/hsimg/gds/220/808/808556_A1.jpg?v=20221006170503,"570,900",0,0,웰리스가구,한샘,레트로
195,무볼트 드레스룸 조립식 멀티행거,https://ohou.se/productions/301073/selling?affect_type=ProductCategoryIndex&affect_id=,https://image.ohou.se/i/bucketplace-v2-development/uploads/productions/158918224688268235.jpg?gif=1&w=360&h=360&c=c&q=0.8&webp=1,37900,4.7,6621,MF매직하우스,오늘의 집,모던시크
196,가구느낌 철제5단서랍장 수납장 이동서랍,https://mall.hanssem.com/goods/goodsDetailMall.do?gdsNo=579327&searchdetail=gds_view&searchPagelist=3&searchKey=%EA%B0%80%EA%B5%AC,https://image.hanssem.com/hsimg/gds/220/579/579327_A1.jpg?v=20221006170503,"42,900",3.8,9,가구느낌,한샘,모던시크
197,삼익가구 헤지스 4인 6인 세라믹 식탁 테이블,https://mall.hanssem.com/goods/goodsDetailMall.do?gdsNo=778179&searchdetail=gds_view&searchPagelist=3&searchKey=%EA%B0%80%EA%B5%AC,https://image.hanssem.com/hsimg/gds/220/778/778179_A1.jpg?v=20220331171729,"279,000",0,0,삼익가구,한샘,로맨틱
198,하프문 화이트 반원 테이블 식탁 1200,https://ohou.se/productions/548693/selling?affect_type=ProductCategoryIndex&affect_id=,https://image.ohou.se/i/bucketplace-v2-development/uploads/productions/165388957416184945.jpg?gif=1&w=360&h=360&c=c&q=0.8&webp=1,99000,4.7,1065,다은담다,오늘의 집,러블리
199,삼익가구 오슬로 유색도장 원목 침대(Q/SS),https://mall.hanssem.com/goods/goodsDetailMall.do?gdsNo=684636&searchdetail=gds_view&searchPagelist=2&searchKey=%EA%B0%80%EA%B5%AC,https://image.hanssem.com/hsimg/gds/220/684/684636_A1.jpg?v=20221006170503,"259,000",0,0,삼익가구,한샘,모던시크
200,[12%쿠폰] POL 아쿠아텍스 3인소파 2colors(스툴무료증정),https://ohou.se/productions/448894/selling?affect_type=ProductCategoryIndex&affect_id=,https://image.ohou.se/i/bucketplace-v2-development/uploads/productions/166745388177629913.jpg?gif=1&w=360&h=360&c=c&q=0.8&webp=1,238400,4.6,5934,먼데이하우스,오늘의 집,모던시크
201,위니 식탁 의자 인테리어 포인트 카페 체어 SL084,https://ohou.se/productions/201149/selling?affect_type=ProductCategoryIndex&affect_id=,https://image.ohou.se/i/bucketplace-v2-development/uploads/productions/164992746130907043.jpg?gif=1&w=360&h=360&c=c&q=0.8&webp=1,18500,4.6,10933,끌레오,오늘의 집,모던시크
202,가구손잡이 빌스브로 손잡이 블랙 1000mm 1개,https://mall.hanssem.com/goods/goodsDetailMall.do?gdsNo=930631&searchdetail=gds_view&searchPagelist=4&searchKey=%EA%B0%80%EA%B5%AC,https://image.hanssem.com/hsimg/gds/220/930/930631_A1.jpg?v=20220927152559,"14,000",0,0,이누데코,한샘,북유럽
203,[매트커버증정-별도발송] 얼티마 하이브리드 스프링 매트리스 (25cm),https://ohou.se/productions/1193152/selling?affect_type=ProductCategoryIndex&affect_id=,https://image.ohou.se/i/bucketplace-v2-development/uploads/productions/165579007543992485.jpg?gif=1&w=360&h=360&c=c&q=0.8&webp=1,178500,4.7,2253,지누스,오늘의 집,북유럽
204,메가 칸칸이 5단 서랍장 1000 CB011 (4colors),https://ohou.se/productions/391303/selling?affect_type=ProductCategoryIndex&affect_id=,https://image.ohou.se/i/bucketplace-v2-development/uploads/productions/163359309036791434.jpg?gif=1&w=360&h=360&c=c&q=0.8&webp=1,199000,4.4,1194,홈인홈,오늘의 집,모던시크
205,장인가구 루아 터치센서 LED 가죽헤드 3서랍 수납침대 SS_라텍폼스 7존독립매트,https://mall.hanssem.com/goods/goodsDetailMall.do?gdsNo=963907&searchdetail=gds_view&searchPagelist=4&searchKey=%EA%B0%80%EA%B5%AC,https://image.hanssem.com/hsimg/gds/220/963/963907_A1.jpg?v=20221012152033,"499,000",0,0,장인가구,한샘,레트로
206,[쿠폰할인] 공간분리 원목 가벽인테리어 스트라이프 파티션 4colors,https://ohou.se/productions/150395/selling?affect_type=ProductCategoryIndex&affect_id=,https://image.ohou.se/i/bucketplace-v2-development/uploads/productions/164430167337178598.jpg?gif=1&w=360&h=360&c=c&q=0.8&webp=1,54900,4.5,10596,우드레이,오늘의 집,북유럽
207,톤톤우드 전신거울 400/500/600(원목거치대 포함),https://ohou.se/productions/882898/selling?affect_type=ProductCategoryIndex&affect_id=,https://image.ohou.se/i/bucketplace-v2-development/uploads/productions/162390763185925693.jpg?gif=1&w=360&h=360&c=c&q=0.8&webp=1,42900,4.6,2540,메종드꼼마,오늘의 집,북유럽
208,한샘매장가구 유로 603 일리스 브라운 식탁 1600,https://mall.hanssem.com/goods/goodsDetailMall.do?gdsNo=909692&searchdetail=gds_view&searchPagelist=3&searchKey=%EA%B0%80%EA%B5%AC,https://image.hanssem.com/hsimg/gds/220/909/909692_A1.jpg?v=20221103104511,"863,000",5,1,한샘인테리어,한샘,북유럽
209,[상품평페이백 이벤트+베스트 추가할인]★한샘몰 인기 BEST 최저가★삼익가구 한샘몰 1위 소파 유로 3인/4인 천연소가죽 소파,https://mall.hanssem.com/goods/goodsDetailMall.do?gdsNo=616864&searchdetail=gds_view&searchPagelist=1&searchKey=%EA%B0%80%EA%B5%AC,https://image.hanssem.com/hsimg/gds/220/616/616864_A1.jpg?v=20220721110413,"290,030",4.6,109,삼익가구,한샘,모던시크
210,장인가구 보브 카페 골드 6인용 포세린 통세라믹 식탁세트 1800,https://mall.hanssem.com/goods/goodsDetailMall.do?gdsNo=964769&searchdetail=gds_view&searchPagelist=4&searchKey=%EA%B0%80%EA%B5%AC,https://image.hanssem.com/hsimg/gds/220/964/964769_A1.jpg?v=20221012154038,"639,000",0,0,장인가구,한샘,북유럽
211,(착) 라자가구 RF 엘리 LED 원목 서랍수납 침대 SS/Q (매트선택),https://mall.hanssem.com/goods/goodsDetailMall.do?gdsNo=867687&searchdetail=gds_view&searchPagelist=3&searchKey=%EA%B0%80%EA%B5%AC,https://image.hanssem.com/hsimg/gds/220/867/867687_A1.jpg?v=20221006170503,"229,000",4.8,3,라자가구,한샘,북유럽
212,베스토 조립식 렌지대 수납 선반 600/800 3단,https://ohou.se/productions/937494/selling?affect_type=ProductCategoryIndex&affect_id=,https://image.ohou.se/i/bucketplace-v2-development/uploads/productions/162699887765279169.jpg?gif=1&w=360&h=360&c=c&q=0.8&webp=1,26900,4.8,2528,메종드꼼마,오늘의 집,북유럽
213,[5%쿠폰] 엘리 라운드 스탠드 전신거울 2size,https://ohou.se/productions/1030323/selling?affect_type=ProductCategoryIndex&affect_id=,https://image.ohou.se/i/bucketplace-v2-development/uploads/productions/163574159114711715.jpg?gif=1&w=360&h=360&c=c&q=0.8&webp=1,69000,4.7,4423,오트밀하우스,오늘의 집,북유럽
214,[기간한정] 원목 원형스툴,https://ohou.se/productions/343687/selling?affect_type=ProductCategoryIndex&affect_id=,https://image.ohou.se/i/bucketplace-v2-development/uploads/productions/165059163489267959.webp?gif=1&w=360&h=360&c=c&q=0.8&webp=1,18900,4.8,6366,에코상사,오늘의 집,모던시크
215,[쿠폰]헤이 매거진랙 협탁 4colors,https://ohou.se/productions/306402/selling?affect_type=ProductCategoryIndex&affect_id=,https://image.ohou.se/i/bucketplace-v2-development/uploads/productions/158814901890858616.jpg?gif=1&w=360&h=360&c=c&q=0.8&webp=1,39000,4.6,4822,두닷모노,오늘의 집,모던시크
216,★2022단독특가★ 삼익가구 앰버 마블 대리석&세라믹 골드 소파테이블,https://mall.hanssem.com/goods/goodsDetailMall.do?gdsNo=773946&searchdetail=gds_view&searchPagelist=3&searchKey=%EA%B0%80%EA%B5%AC,https://image.hanssem.com/hsimg/gds/220/773/773946_A1.jpg?v=20220620110152,"276,000",0,0,삼익가구,한샘,모던시크
217,가구느낌 모자빠텐(발유) 아일랜드식탁의자,https://mall.hanssem.com/goods/goodsDetailMall.do?gdsNo=525929&searchdetail=gds_view&searchPagelist=4&searchKey=%EA%B0%80%EA%B5%AC,https://image.hanssem.com/hsimg/gds/220/525/525929_A1.jpg?v=20221028110326,"40,000",4.4,15,가구느낌,한샘,모던시크
218,[12%쿠폰](당일출고) 호텔식 프리미엄 독립 포켓스프링 필로우탑 매트리스(25cm),https://ohou.se/productions/425266/selling?affect_type=ProductCategoryIndex&affect_id=,https://image.ohou.se/i/bucketplace-v2-development/uploads/productions/164931096674427973.jpg?gif=1&w=360&h=360&c=c&q=0.8&webp=1,116700,4.8,9614,먼데이하우스,오늘의 집,모던시크
219,장인가구 펑키키즈 베이비장 2320세트B(5단서랍+유아옷장+정리함수납장),https://mall.hanssem.com/goods/goodsDetailMall.do?gdsNo=968321&searchdetail=gds_view&searchPagelist=4&searchKey=%EA%B0%80%EA%B5%AC,https://image.hanssem.com/hsimg/gds/220/968/968321_A1.jpg?v=20221012160438,"509,000",0,0,장인가구,한샘,로맨틱
220,[단독특가] 키드니빈즈 접이식 좌식테이블 3colors 2size (보호캡증정),https://ohou.se/productions/209749/selling?affect_type=ProductCategoryIndex&affect_id=,https://image.ohou.se/i/bucketplace-v2-development/uploads/productions/162424305319088723.jpeg?gif=1&w=360&h=360&c=c&q=0.8&webp=1,20900,4.7,38642,에꼬드에꼬,오늘의 집,북유럽
221,[단독사은품] 멀티 드레스룸 행거 1+1 SET,https://ohou.se/productions/517819/selling?affect_type=ProductCategoryIndex&affect_id=,https://image.ohou.se/i/bucketplace-v2-development/uploads/productions/157352503415512570.jpg?gif=1&w=360&h=360&c=c&q=0.8&webp=1,99000,4.5,3457,까사마루,오늘의 집,모던시크
222,무볼트 드레스룸 조립식 싱글행거,https://ohou.se/productions/336645/selling?affect_type=ProductCategoryIndex&affect_id=,https://image.ohou.se/i/bucketplace-v2-development/uploads/productions/159055684818490279.jpg?gif=1&w=360&h=360&c=c&q=0.8&webp=1,24900,4.7,5721,MF매직하우스,오늘의 집,모던시크
223,[7%쿠폰][단독] 조안 아쿠아텍스 생활방수 2인용 패브릭소파 3colors,https://ohou.se/productions/365562/selling?affect_type=ProductCategoryIndex&affect_id=,https://image.ohou.se/i/bucketplace-v2-development/uploads/productions/1589436429_106949_1.jpg?gif=1&w=360&h=360&c=c&q=0.8&webp=1,115000,4.7,4180,보니애가구,오늘의 집,모던시크
224,한샘매장가구 유로 503 호텔침대 뉴트럴 화이트 3단 서랍장 1000,https://mall.hanssem.com/goods/goodsDetailMall.do?gdsNo=782846&searchdetail=gds_view&searchPagelist=2&searchKey=%EA%B0%80%EA%B5%AC,https://image.hanssem.com/hsimg/gds/220/782/782846_A1.jpg?v=20221019114045,"419,000",4.9,42,한샘인테리어,한샘,모던시크
225,뮤즈 편한 팔걸이 컴퓨터 메쉬 사무용 의자 (크림화이트),https://ohou.se/productions/444838/selling?affect_type=ProductCategoryIndex&affect_id=,https://image.ohou.se/i/bucketplace-v2-development/uploads/productions/166693523964443292.jpg?gif=1&w=360&h=360&c=c&q=0.8&webp=1,46900,4.6,1658,다니카,오늘의 집,북유럽
226,[단독] 누적판매 2만건! 스테이 아쿠아텍스 2인 소파,https://ohou.se/productions/552809/selling?affect_type=ProductCategoryIndex&affect_id=,https://image.ohou.se/i/bucketplace-v2-development/uploads/productions/165603720335463032.jpg?gif=1&w=360&h=360&c=c&q=0.8&webp=1,189000,4.6,1832,채움가구,오늘의 집,북유럽
227,Q4 유로탑 롤팩 매트리스 2size,https://ohou.se/productions/111255/selling?affect_type=ProductCategoryIndex&affect_id=,https://image.ohou.se/i/bucketplace-v2-development/uploads/productions/1554432441250_K6wX5dopzz.jpg?gif=1&w=360&h=360&c=c&q=0.8&webp=1,293900,4.8,12779,퀵슬립,오늘의 집,모던시크
228,원목 사이드테이블 협탁 (강화유리선반),https://ohou.se/productions/244188/selling?affect_type=ProductCategoryIndex&affect_id=,https://image.ohou.se/i/bucketplace-v2-development/uploads/productions/159730510881306514.jpg?gif=1&w=360&h=360&c=c&q=0.8&webp=1,18800,4.6,10982,제이픽스,오늘의 집,북유럽
229,가구느낌 체스빠텐(발유) 아일랜드식탁의자 홈바,https://mall.hanssem.com/goods/goodsDetailMall.do?gdsNo=525932&searchdetail=gds_view&searchPagelist=3&searchKey=%EA%B0%80%EA%B5%AC,https://image.hanssem.com/hsimg/gds/220/525/525932_A1.jpg?v=20221031112434,"42,900",5,1,가구느낌,한샘,레트로
230,원형 티 카페 테이블 2size,https://ohou.se/productions/123785/selling?affect_type=ProductCategoryIndex&affect_id=,https://image.ohou.se/i/bucketplace-v2-development/uploads/productions/1557909311160_Hw9mBQUpIR.jpg?gif=1&w=360&h=360&c=c&q=0.8&webp=1,34900,4.7,9453,프리메이드,오늘의 집,북유럽
231,[오늘의딜] 데이앤나잇 1인 좌식쇼파 2colors,https://ohou.se/productions/38168/selling?affect_type=ProductCategoryIndex&affect_id=,https://image.ohou.se/i/bucketplace-v2-development/uploads/productions/162876191111910209.jpg?gif=1&w=360&h=360&c=c&q=0.8&webp=1,27900,4.6,8663,상도가구,오늘의 집,북유럽
232,프라임 유로탑 독립스프링 롤팩 매트리스 SS/Q,https://ohou.se/productions/853690/selling?affect_type=ProductCategoryIndex&affect_id=,https://image.ohou.se/i/bucketplace-v2-development/uploads/productions/162269626749505136.jpg?gif=1&w=360&h=360&c=c&q=0.8&webp=1,179000,4.7,3956,삼익가구,오늘의 집,북유럽
233,장인가구 셰리IV 1800 렌지대 밥솥 수납장+수납장,https://mall.hanssem.com/goods/goodsDetailMall.do?gdsNo=594121&searchdetail=gds_view&searchPagelist=4&searchKey=%EA%B0%80%EA%B5%AC,https://image.hanssem.com/hsimg/gds/220/594/594121_A1.jpg?v=20221006191129,"259,000",4.5,2,장인가구,한샘,북유럽
234,★BEST★삼익가구 호텔컬렉션 매트리스 방수커버 / 패밀리침대 방수커버,https://mall.hanssem.com/goods/goodsDetailMall.do?gdsNo=745018&searchdetail=gds_view&searchPagelist=3&searchKey=%EA%B0%80%EA%B5%AC,https://image.hanssem.com/hsimg/gds/220/745/745018_A1.jpg?v=20220615111416,"19,900",4.7,7,삼익가구,한샘,모던시크
235,[5%쿠폰]BRUG 스탠드행거 KS1002/LDR,https://ohou.se/productions/10914/selling?affect_type=ProductCategoryIndex&affect_id=,https://image.ohou.se/i/bucketplace-v2-development/uploads/productions/163271979474305596.jpg?gif=1&w=360&h=360&c=c&q=0.8&webp=1,17900,4.6,11648,마켓비,오늘의 집,모던시크
236,[쿠폰할인] 공간분리 가벽인테리어 무타공/타공 파티션 3size 3colors,https://ohou.se/productions/250725/selling?affect_type=ProductCategoryIndex&affect_id=,https://image.ohou.se/i/bucketplace-v2-development/uploads/productions/162485465939243961.jpg?gif=1&w=360&h=360&c=c&q=0.8&webp=1,59900,4.6,3692,우드레이,오늘의 집,북유럽
237,가구느낌 모자오발(이동형) 스툴의자,https://mall.hanssem.com/goods/goodsDetailMall.do?gdsNo=525919&searchdetail=gds_view&searchPagelist=3&searchKey=%EA%B0%80%EA%B5%AC,https://image.hanssem.com/hsimg/gds/220/525/525919_A1.jpg?v=20221028110313,"31,900",4.1,4,가구느낌,한샘,모던시크
238,장인가구 피콜로 이동식 전신거울 옷장 행거,https://mall.hanssem.com/goods/goodsDetailMall.do?gdsNo=595450&searchdetail=gds_view&searchPagelist=3&searchKey=%EA%B0%80%EA%B5%AC,https://image.hanssem.com/hsimg/gds/220/595/595450_A1.jpg?v=20221006192133,"73,900",4.4,8,장인가구,한샘,모던시크
239,★11월 한정 단독쿠폰 이벤트★ 동서가구 팬타 LED 수납헤드 슈퍼싱글침대 / 퀸침대 (2sizes 3colors),https://mall.hanssem.com/goods/goodsDetailMall.do?gdsNo=401696&searchdetail=gds_view&searchPagelist=1&searchKey=%EA%B0%80%EA%B5%AC,https://image.hanssem.com/hsimg/gds/220/401/401696_A1.jpg?v=20221101143119,"159,750",4.5,95,동서가구,한샘,북유럽
240,장인가구 리들리 케이 대리석 조리대 아일랜드 식탁 1800 렌지대형,https://mall.hanssem.com/goods/goodsDetailMall.do?gdsNo=964737&searchdetail=gds_view&searchPagelist=4&searchKey=%EA%B0%80%EA%B5%AC,https://image.hanssem.com/hsimg/gds/220/964/964737_A1.jpg?v=20221012154250,"649,000",1,1,장인가구,한샘,북유럽
241,못없이 붙이는 무타공 벽선반 3size 3colors,https://ohou.se/productions/1297048/selling?affect_type=ProductCategoryIndex&affect_id=,https://image.ohou.se/i/bucketplace-v2-development/uploads/productions/165509340324399671.jpg?gif=1&w=360&h=360&c=c&q=0.8&webp=1,3500,4.7,922,무타공마켓,오늘의 집,북유럽
242,삼익가구 N사 1위 포텐 LED 4단 수납 원목 침대 시리즈,https://mall.hanssem.com/goods/goodsDetailMall.do?gdsNo=824310&searchdetail=gds_view&searchPagelist=2&searchKey=%EA%B0%80%EA%B5%AC,https://image.hanssem.com/hsimg/gds/220/824/824310_A1.jpg?v=20221006170503,"239,000",4.5,26,삼익가구,한샘,북유럽
243,노르마니 LED 익스텐션 모던 거실장,https://ohou.se/productions/346800/selling?affect_type=ProductCategoryIndex&affect_id=,https://image.ohou.se/i/bucketplace-v2-development/uploads/productions/159105182644945962.jpg?gif=1&w=360&h=360&c=c&q=0.8&webp=1,175000,4.5,4970,지벤,오늘의 집,모던시크
244,한샘매장가구 유로 503 호텔침대 뉴트럴 화이트 협탁,https://mall.hanssem.com/goods/goodsDetailMall.do?gdsNo=641163&searchdetail=gds_view&searchPagelist=1&searchKey=%EA%B0%80%EA%B5%AC,https://image.hanssem.com/hsimg/gds/220/641/641163_A1.jpg?v=20221110190117,"125,000",4.9,155,한샘인테리어,한샘,모던시크
245,MORINOKI 뱀부 2단 수납장,https://ohou.se/productions/126178/selling?affect_type=ProductCategoryIndex&affect_id=,https://image.ohou.se/i/bucketplace-v2-development/uploads/productions/165543101347692096.jpg?gif=1&w=360&h=360&c=c&q=0.8&webp=1,41900,4.5,8525,하우스레시피,오늘의 집,북유럽
246,[5%쿠폰] 리버서블 오피스 데스크 책상/테이블 600~2400mm(2colors),https://ohou.se/productions/538782/selling?affect_type=ProductCategoryIndex&affect_id=,https://image.ohou.se/i/bucketplace-v2-development/uploads/productions/160386868728370588.jpg?gif=1&w=360&h=360&c=c&q=0.8&webp=1,39800,4.7,2990,에어론,오늘의 집,모던시크
